projname,teamname,environment,region,date_of_build,duration,status,log_on,log_off
proj4,team15,prod,EMEA,26/06/2024,583,Success,27/06/2024 13:07:59,27/06/2024 14:02:53
proj09,team20,prod,EMEA,07/07/2024,1224,Success,28/06/2024 13:55:52,28/06/2024 14:19:17
proj1,team19,prod,AMER,14/02/2024,545,Failure,29/06/2024 13:54:25,29/06/2024 14:28:09
proj3,team6,prod,APAC,05/05/2024,1088,Failure,30/06/2024 13:37:53,30/06/2024 14:33:53
proj34,team1,dev,EMEA,08/02/2024,3627,Failure,01/07/2024 13:02:36,01/07/2024 13:48:30
proj00,team2,stg,APAC,01/07/2024,331,Success,02/07/2024 13:49:04,02/07/2024 14:17:10
proj9,team16,stg,AMER,21/05/2024,579,Failure,03/07/2024 13:53:58,03/07/2024 13:56:29
proj23,team2,stg,AMER,18/03/2024,11,Success,04/07/2024 13:42:27,04/07/2024 13:49:06
proj7,team20,prod,AMER,22/06/2024,2962,Success,05/07/2024 13:59:43,05/07/2024 14:10:14
proj577,team8,prod,EMEA,05/06/2024,662,Success,06/07/2024 13:39:45,06/07/2024 14:21:03
proj22,team9,prod,APAC,27/03/2024,990,Failure,07/07/2024 13:46:28,07/07/2024 13:56:18
proj47,team13,stg,AMER,24/01/2024,661,Failure,08/07/2024 13:38:32,08/07/2024 13:39:16
proj5,team20,stg,APAC,25/01/2024,2098,Success,09/07/2024 13:37:04,09/07/2024 14:22:50
proj319,team2,prod,AMER,04/01/2024,3258,Failure,10/07/2024 13:53:01,10/07/2024 14:24:27
proj774,team5,dev,EMEA,26/05/2024,1623,Success,11/07/2024 12:49:25,11/07/2024 13:40:28
proj693,team12,dev,EMEA,25/06/2024,3951,Failure,12/07/2024 12:48:45,12/07/2024 13:38:49
proj732,team17,dev,APAC,23/06/2024,3027,Success,13/07/2024 13:16:47,13/07/2024 13:46:37
proj01,team4,dev,EMEA,03/02/2024,3719,Failure,14/07/2024 14:08:41,14/07/2024 14:24:56
proj807,team6,stg,APAC,08/01/2024,1984,Failure,15/07/2024 13:30:26,15/07/2024 14:10:06
proj299,team12,stg,APAC,09/05/2024,1925,Failure,16/07/2024 13:44:21,16/07/2024 13:45:03
proj332,team1,prod,APAC,24/02/2024,1975,Success,17/07/2024 13:21:52,17/07/2024 14:21:47
proj2,team10,dev,EMEA,16/05/2024,973,Success,18/07/2024 12:58:06,18/07/2024 13:36:01
proj957,team17,prod,EMEA,17/06/2024,800,Success,19/07/2024 13:32:26,19/07/2024 13:53:42
proj94,team9,prod,AMER,30/01/2024,585,Failure,20/07/2024 13:16:02,20/07/2024 13:47:47
proj37,team13,dev,EMEA,23/01/2024,1478,Failure,27/06/2024 13:06:15,27/06/2024 13:49:19
proj50,team11,dev,EMEA,16/06/2024,12,Success,28/06/2024 12:56:26,28/06/2024 13:41:13
proj2,team20,stg,EMEA,15/04/2024,3178,Failure,29/06/2024 13:18:42,29/06/2024 14:14:18
proj75,team5,prod,APAC,17/05/2024,1094,Failure,30/06/2024 13:28:10,30/06/2024 13:42:59
proj2,team4,dev,AMER,19/02/2024,2416,Failure,01/07/2024 13:54:35,01/07/2024 14:24:54
proj0,team19,stg,EMEA,18/05/2024,2767,Success,02/07/2024 13:33:24,02/07/2024 14:12:36
proj59,team3,dev,AMER,08/07/2024,696,Failure,03/07/2024 13:12:28,03/07/2024 13:56:07
proj2,team11,dev,EMEA,16/05/2024,2085,Failure,04/07/2024 14:18:24,04/07/2024 14:31:30
proj2,team13,prod,AMER,14/06/2024,3570,Success,05/07/2024 13:14:21,05/07/2024 13:41:57
proj78,team10,prod,AMER,04/04/2024,1591,Success,06/07/2024 12:55:08,06/07/2024 13:35:40
proj14,team13,prod,AMER,01/07/2024,418,Failure,07/07/2024 13:14:49,07/07/2024 13:47:24
proj8,team7,prod,APAC,14/05/2024,238,Success,08/07/2024 13:26:26,08/07/2024 14:25:15
proj8,team3,dev,AMER,22/05/2024,2713,Success,09/07/2024 13:24:20,09/07/2024 13:40:50
proj20,team10,dev,EMEA,18/06/2024,1121,Success,10/07/2024 13:49:47,10/07/2024 14:33:04
proj8,team5,prod,APAC,20/04/2024,116,Failure,11/07/2024 13:51:46,11/07/2024 14:29:06
proj63,team14,prod,EMEA,16/03/2024,1520,Success,12/07/2024 13:44:19,12/07/2024 13:58:34
proj122,team11,stg,EMEA,03/05/2024,210,Failure,13/07/2024 13:49:41,13/07/2024 14:25:52
proj125,team1,dev,AMER,09/04/2024,3951,Failure,14/07/2024 13:53:40,14/07/2024 14:20:49
proj769,team13,stg,APAC,10/06/2024,72,Success,15/07/2024 13:19:56,15/07/2024 13:36:12
proj447,team10,dev,EMEA,19/01/2024,2952,Success,16/07/2024 13:59:47,16/07/2024 14:09:03
proj6,team19,dev,APAC,03/07/2024,1253,Success,17/07/2024 13:22:50,17/07/2024 14:17:59
proj4,team12,dev,EMEA,17/05/2024,2862,Success,18/07/2024 13:37:44,18/07/2024 13:38:00
proj06,team17,prod,EMEA,23/04/2024,235,Success,19/07/2024 14:02:02,19/07/2024 14:10:04
proj4,team19,prod,EMEA,08/04/2024,3704,Success,20/07/2024 13:32:26,20/07/2024 14:09:18
proj8,team13,prod,EMEA,30/04/2024,1862,Success,27/06/2024 14:00:41,27/06/2024 14:12:22
proj24,team5,stg,AMER,14/03/2024,76,Success,28/06/2024 14:08:16,28/06/2024 14:31:27
proj0,team19,dev,APAC,12/02/2024,1067,Success,29/06/2024 14:13:58,29/06/2024 14:24:23
proj321,team5,prod,AMER,24/05/2024,2688,Success,30/06/2024 13:30:15,30/06/2024 13:56:08
proj163,team8,stg,APAC,14/05/2024,1663,Success,01/07/2024 13:30:43,01/07/2024 13:58:39
proj492,team19,dev,EMEA,01/01/2024,431,Failure,02/07/2024 13:15:28,02/07/2024 13:38:41
proj3,team10,stg,APAC,25/06/2024,1717,Failure,03/07/2024 12:41:17,03/07/2024 13:35:28
proj897,team10,stg,APAC,26/06/2024,2433,Failure,04/07/2024 13:41:25,04/07/2024 14:01:10
proj368,team4,prod,APAC,28/03/2024,989,Failure,05/07/2024 13:22:58,05/07/2024 14:15:48
proj29,team18,prod,EMEA,10/02/2024,1195,Success,06/07/2024 14:20:52,06/07/2024 14:21:10
proj911,team20,prod,APAC,21/01/2024,2443,Success,07/07/2024 14:17:36,07/07/2024 14:27:30
proj518,team14,stg,APAC,10/02/2024,571,Success,08/07/2024 13:36:36,08/07/2024 14:26:37
proj537,team15,stg,AMER,08/04/2024,777,Success,09/07/2024 13:41:25,09/07/2024 14:08:28
proj21,team13,dev,EMEA,12/06/2024,3972,Failure,10/07/2024 14:01:32,10/07/2024 14:07:22
proj57,team8,dev,EMEA,03/01/2024,3189,Success,11/07/2024 13:36:53,11/07/2024 14:07:11
proj39,team12,dev,AMER,25/06/2024,1638,Success,12/07/2024 13:18:31,12/07/2024 13:58:25
proj03,team10,stg,APAC,24/04/2024,1065,Success,13/07/2024 13:30:14,13/07/2024 13:56:10
proj015,team11,prod,APAC,30/05/2024,3409,Failure,14/07/2024 13:38:04,14/07/2024 14:28:38
proj460,team15,prod,EMEA,10/04/2024,1090,Success,15/07/2024 12:58:04,15/07/2024 13:44:29
proj38,team9,dev,EMEA,06/03/2024,934,Success,16/07/2024 13:09:57,16/07/2024 13:46:08
proj83,team1,stg,EMEA,26/04/2024,2263,Success,17/07/2024 13:19:34,17/07/2024 13:40:34
proj983,team9,prod,EMEA,19/02/2024,2820,Success,18/07/2024 12:52:43,18/07/2024 13:37:17
proj8,team5,dev,EMEA,02/06/2024,3229,Success,19/07/2024 12:56:53,19/07/2024 13:36:14
proj66,team5,prod,AMER,02/03/2024,2317,Success,20/07/2024 12:53:00,20/07/2024 13:45:25
proj4,team3,dev,EMEA,28/03/2024,681,Failure,27/06/2024 13:34:22,27/06/2024 13:57:16
proj631,team19,stg,AMER,03/05/2024,3089,Success,28/06/2024 13:20:03,28/06/2024 13:55:54
proj9,team7,prod,AMER,25/03/2024,2804,Failure,29/06/2024 13:51:24,29/06/2024 14:11:11
proj2,team18,prod,EMEA,11/01/2024,3758,Failure,30/06/2024 13:29:47,30/06/2024 13:52:42
proj1,team6,stg,AMER,17/06/2024,3916,Failure,01/07/2024 13:30:19,01/07/2024 14:05:09
proj7,team14,prod,AMER,30/03/2024,164,Success,02/07/2024 13:02:08,02/07/2024 13:48:48
proj076,team3,prod,EMEA,28/01/2024,530,Success,03/07/2024 13:40:43,03/07/2024 13:49:20
proj031,team2,dev,EMEA,22/02/2024,2856,Success,04/07/2024 13:27:54,04/07/2024 14:10:22
proj46,team11,prod,AMER,05/01/2024,1979,Success,05/07/2024 13:43:35,05/07/2024 13:48:24
proj1,team14,stg,APAC,19/06/2024,2187,Failure,06/07/2024 14:10:08,06/07/2024 14:19:35
proj6,team6,stg,AMER,04/07/2024,3981,Success,07/07/2024 12:53:29,07/07/2024 13:49:28
proj6,team14,stg,AMER,02/07/2024,560,Success,08/07/2024 13:35:31,08/07/2024 13:41:19
proj15,team14,stg,EMEA,23/05/2024,2416,Failure,09/07/2024 13:24:22,09/07/2024 14:12:16
proj02,team7,stg,EMEA,26/04/2024,3740,Failure,10/07/2024 13:21:39,10/07/2024 14:19:37
proj25,team17,stg,APAC,05/04/2024,3062,Failure,11/07/2024 13:34:18,11/07/2024 14:17:13
proj61,team4,stg,APAC,11/01/2024,2251,Success,12/07/2024 13:02:53,12/07/2024 13:35:22
proj55,team20,prod,EMEA,16/06/2024,3193,Failure,13/07/2024 13:21:59,13/07/2024 14:03:55
proj17,team5,dev,AMER,23/03/2024,3436,Failure,14/07/2024 13:33:30,14/07/2024 14:28:35
proj47,team15,dev,APAC,08/03/2024,3388,Failure,15/07/2024 14:02:17,15/07/2024 14:31:15
proj9,team20,prod,APAC,10/06/2024,3141,Success,16/07/2024 12:49:22,16/07/2024 13:41:34
proj348,team16,stg,APAC,18/01/2024,850,Success,17/07/2024 13:11:28,17/07/2024 13:34:17
proj0,team8,stg,APAC,09/06/2024,674,Success,18/07/2024 13:34:04,18/07/2024 14:03:53
proj038,team14,prod,APAC,02/07/2024,1638,Failure,19/07/2024 14:08:59,19/07/2024 14:32:06
proj357,team14,dev,EMEA,06/01/2024,2098,Success,20/07/2024 14:19:18,20/07/2024 14:29:20
proj806,team3,dev,AMER,05/04/2024,1814,Failure,27/06/2024 13:19:45,27/06/2024 14:16:09
proj00,team2,dev,APAC,16/06/2024,3860,Failure,28/06/2024 13:22:12,28/06/2024 14:16:09
proj959,team19,dev,AMER,27/03/2024,3582,Success,29/06/2024 13:44:38,29/06/2024 13:58:14
proj7,team15,stg,AMER,02/01/2024,80,Success,30/06/2024 12:56:33,30/06/2024 13:54:01
proj44,team14,dev,AMER,15/03/2024,3460,Failure,01/07/2024 13:48:28,01/07/2024 13:58:43
proj9,team5,stg,APAC,08/05/2024,3195,Failure,02/07/2024 13:25:47,02/07/2024 14:09:22
proj95,team7,dev,EMEA,26/03/2024,327,Success,03/07/2024 13:11:59,03/07/2024 14:04:03
proj5,team19,dev,EMEA,03/07/2024,2961,Failure,04/07/2024 13:54:31,04/07/2024 14:22:59
proj68,team12,prod,AMER,24/01/2024,3784,Failure,05/07/2024 13:45:01,05/07/2024 14:13:35
proj20,team4,stg,EMEA,20/05/2024,3283,Failure,06/07/2024 14:11:43,06/07/2024 14:28:31
proj48,team17,prod,APAC,29/04/2024,395,Success,07/07/2024 13:13:05,07/07/2024 13:42:06
proj270,team3,stg,EMEA,01/07/2024,1196,Failure,08/07/2024 14:14:58,08/07/2024 14:14:36
proj74,team18,prod,EMEA,29/04/2024,2603,Failure,09/07/2024 13:20:24,09/07/2024 13:36:39
proj5,team8,dev,EMEA,26/03/2024,581,Success,10/07/2024 13:50:10,10/07/2024 14:18:35
proj591,team7,dev,APAC,14/05/2024,456,Success,11/07/2024 14:09:43,11/07/2024 14:17:45
proj1,team13,dev,AMER,05/07/2024,1854,Success,12/07/2024 14:10:34,12/07/2024 14:22:39
proj70,team4,prod,AMER,03/01/2024,1860,Success,13/07/2024 14:19:56,13/07/2024 14:27:36
proj9,team12,dev,EMEA,04/01/2024,2965,Failure,14/07/2024 13:19:57,14/07/2024 14:17:42
proj5,team5,dev,EMEA,27/03/2024,3223,Failure,15/07/2024 13:51:57,15/07/2024 14:14:21
proj3,team8,stg,AMER,11/05/2024,488,Failure,16/07/2024 13:44:33,16/07/2024 14:24:45
proj77,team14,prod,EMEA,30/05/2024,3857,Failure,17/07/2024 14:04:04,17/07/2024 14:06:06
proj4,team1,prod,APAC,02/01/2024,3510,Success,18/07/2024 13:08:30,18/07/2024 14:08:49
proj3,team14,prod,AMER,23/05/2024,2834,Success,19/07/2024 13:27:24,19/07/2024 14:21:59
proj634,team4,stg,AMER,22/02/2024,3093,Success,20/07/2024 13:27:13,20/07/2024 14:04:22
proj17,team20,prod,APAC,09/06/2024,1448,Failure,27/06/2024 13:41:19,27/06/2024 14:32:40
proj6,team9,dev,EMEA,02/01/2024,2665,Failure,28/06/2024 13:54:39,28/06/2024 14:04:17
proj016,team17,dev,AMER,07/01/2024,502,Success,29/06/2024 13:42:08,29/06/2024 14:01:06
proj1,team1,stg,APAC,21/05/2024,3273,Failure,30/06/2024 13:39:05,30/06/2024 14:12:18
proj3,team6,prod,EMEA,10/04/2024,2335,Failure,01/07/2024 12:53:54,01/07/2024 13:34:45
proj68,team15,dev,EMEA,10/02/2024,3537,Failure,02/07/2024 12:57:45,02/07/2024 13:54:07
proj478,team3,prod,APAC,17/02/2024,1006,Failure,03/07/2024 13:02:00,03/07/2024 13:50:26
proj3,team9,dev,EMEA,09/03/2024,2596,Failure,04/07/2024 13:10:05,04/07/2024 14:02:56
proj91,team7,prod,EMEA,16/04/2024,3105,Failure,05/07/2024 14:20:06,05/07/2024 14:26:57
proj463,team1,stg,EMEA,15/03/2024,226,Failure,06/07/2024 13:30:44,06/07/2024 14:16:46
proj2,team18,prod,APAC,26/04/2024,2488,Success,07/07/2024 13:21:26,07/07/2024 13:54:41
proj4,team1,prod,EMEA,11/06/2024,1044,Failure,08/07/2024 14:12:51,08/07/2024 14:29:47
proj9,team4,stg,AMER,25/04/2024,2700,Success,09/07/2024 14:15:16,09/07/2024 14:24:04
proj21,team9,dev,AMER,01/01/2024,2720,Success,10/07/2024 13:35:04,10/07/2024 14:25:33
proj25,team6,stg,AMER,27/05/2024,292,Failure,11/07/2024 13:49:02,11/07/2024 14:25:32
proj56,team10,stg,AMER,20/04/2024,1761,Success,12/07/2024 14:05:50,12/07/2024 14:09:29
proj61,team14,dev,AMER,11/02/2024,2287,Success,13/07/2024 13:24:15,13/07/2024 13:45:50
proj997,team11,prod,EMEA,23/01/2024,2396,Failure,14/07/2024 13:26:19,14/07/2024 14:19:35
proj2,team10,dev,APAC,23/06/2024,255,Success,15/07/2024 13:23:10,15/07/2024 14:10:47
proj961,team12,dev,EMEA,21/06/2024,359,Success,16/07/2024 14:04:25,16/07/2024 14:21:14
proj6,team16,prod,APAC,19/04/2024,608,Failure,17/07/2024 14:16:36,17/07/2024 14:19:43
proj87,team12,stg,EMEA,08/01/2024,1681,Failure,18/07/2024 12:49:55,18/07/2024 13:43:59
proj72,team19,prod,APAC,05/01/2024,3065,Failure,19/07/2024 14:09:39,19/07/2024 14:09:17
proj559,team10,prod,AMER,15/02/2024,1203,Failure,20/07/2024 13:42:09,20/07/2024 14:14:22
proj71,team1,stg,APAC,14/02/2024,82,Success,27/06/2024 13:09:28,27/06/2024 13:58:08
proj569,team16,stg,EMEA,08/02/2024,1247,Success,28/06/2024 14:09:41,28/06/2024 14:22:05
proj482,team10,stg,APAC,12/01/2024,714,Success,29/06/2024 13:42:34,29/06/2024 14:04:20
proj080,team5,prod,APAC,09/01/2024,3077,Success,30/06/2024 12:52:36,30/06/2024 13:40:41
proj613,team18,stg,AMER,22/06/2024,3946,Failure,01/07/2024 13:38:59,01/07/2024 14:15:02
proj389,team12,prod,EMEA,25/04/2024,3009,Failure,02/07/2024 12:42:47,02/07/2024 13:36:52
proj68,team17,stg,AMER,14/05/2024,2848,Success,03/07/2024 13:14:44,03/07/2024 14:11:34
proj7,team8,stg,APAC,26/01/2024,600,Failure,04/07/2024 13:32:28,04/07/2024 14:12:58
proj916,team9,stg,AMER,28/05/2024,1803,Failure,05/07/2024 13:26:01,05/07/2024 13:40:42
proj31,team19,dev,EMEA,21/02/2024,2191,Failure,06/07/2024 13:13:19,06/07/2024 13:48:35
proj66,team14,dev,APAC,22/05/2024,2424,Success,07/07/2024 13:21:41,07/07/2024 13:53:40
proj34,team14,stg,APAC,17/06/2024,2643,Success,08/07/2024 13:28:59,08/07/2024 13:52:14
proj655,team3,prod,AMER,11/04/2024,2297,Failure,09/07/2024 14:08:14,09/07/2024 14:19:54
proj535,team15,dev,EMEA,28/01/2024,2781,Success,10/07/2024 14:11:07,10/07/2024 14:27:52
proj07,team5,stg,EMEA,09/06/2024,2935,Failure,11/07/2024 13:07:06,11/07/2024 14:02:39
proj24,team1,prod,APAC,13/04/2024,1011,Success,12/07/2024 13:41:02,12/07/2024 14:11:39
proj0,team1,prod,EMEA,28/04/2024,905,Failure,13/07/2024 13:35:55,13/07/2024 13:44:14
proj60,team5,dev,AMER,09/06/2024,226,Failure,14/07/2024 13:29:02,14/07/2024 14:17:47
proj4,team9,prod,EMEA,10/03/2024,3582,Failure,15/07/2024 13:27:03,15/07/2024 14:08:23
proj77,team20,dev,APAC,25/02/2024,1682,Failure,16/07/2024 14:18:31,16/07/2024 14:30:41
proj6,team4,dev,AMER,11/02/2024,2811,Failure,17/07/2024 13:16:00,17/07/2024 13:35:43
proj4,team5,dev,EMEA,26/02/2024,1691,Failure,18/07/2024 12:40:25,18/07/2024 13:37:19
proj43,team19,dev,APAC,29/06/2024,324,Success,19/07/2024 13:40:43,19/07/2024 14:12:39
proj2,team13,stg,APAC,03/05/2024,386,Failure,20/07/2024 13:29:43,20/07/2024 14:12:10
proj9,team7,stg,EMEA,15/02/2024,3925,Failure,27/06/2024 13:15:47,27/06/2024 14:10:53
proj35,team5,prod,AMER,23/01/2024,1998,Failure,28/06/2024 14:21:42,28/06/2024 14:24:07
proj25,team2,stg,APAC,04/04/2024,2576,Failure,29/06/2024 13:45:00,29/06/2024 13:50:59
proj70,team16,dev,EMEA,07/03/2024,2320,Success,30/06/2024 12:43:39,30/06/2024 13:42:26
proj250,team6,dev,EMEA,22/02/2024,2574,Success,01/07/2024 13:41:03,01/07/2024 14:01:53
proj98,team15,prod,AMER,24/06/2024,28,Success,02/07/2024 14:19:02,02/07/2024 14:20:18
proj61,team3,dev,AMER,11/02/2024,3144,Success,03/07/2024 13:03:11,03/07/2024 13:35:28
proj4,team3,dev,EMEA,19/03/2024,697,Success,04/07/2024 13:51:42,04/07/2024 13:52:11
proj663,team20,dev,EMEA,01/05/2024,1491,Success,05/07/2024 13:11:25,05/07/2024 14:03:22
proj916,team8,stg,APAC,26/04/2024,1825,Failure,06/07/2024 12:52:01,06/07/2024 13:47:26
proj1,team20,stg,AMER,23/03/2024,982,Failure,07/07/2024 13:33:28,07/07/2024 14:00:04
proj3,team12,prod,AMER,11/05/2024,3249,Failure,08/07/2024 13:50:02,08/07/2024 14:11:08
proj9,team6,dev,AMER,26/02/2024,1429,Failure,09/07/2024 12:53:49,09/07/2024 13:45:17
proj7,team3,stg,APAC,24/01/2024,3777,Success,10/07/2024 13:38:48,10/07/2024 14:26:59
proj90,team12,dev,AMER,25/06/2024,2706,Success,11/07/2024 13:20:35,11/07/2024 13:51:00
proj15,team14,dev,EMEA,09/03/2024,2768,Failure,12/07/2024 13:33:50,12/07/2024 14:18:37
proj44,team19,stg,EMEA,28/04/2024,904,Success,13/07/2024 13:01:20,13/07/2024 13:34:01
proj241,team12,prod,AMER,23/05/2024,1059,Failure,14/07/2024 12:52:49,14/07/2024 13:38:29
proj179,team8,dev,APAC,14/05/2024,2552,Success,15/07/2024 13:57:52,15/07/2024 14:04:24
proj09,team2,prod,APAC,16/05/2024,1062,Success,16/07/2024 13:29:56,16/07/2024 14:06:37
proj4,team18,dev,EMEA,16/04/2024,591,Failure,17/07/2024 13:36:28,17/07/2024 14:28:54
proj14,team14,stg,AMER,06/06/2024,842,Failure,18/07/2024 13:57:58,18/07/2024 14:33:51
proj4,team19,dev,APAC,26/05/2024,1317,Failure,19/07/2024 12:57:56,19/07/2024 13:55:38
proj47,team14,prod,AMER,13/03/2024,14,Success,20/07/2024 13:44:33,20/07/2024 14:33:33
proj8,team2,stg,EMEA,02/04/2024,368,Success,02/07/2024 13:11:42,02/07/2024 13:48:04
proj87,team5,prod,EMEA,25/04/2024,2369,Success,03/07/2024 14:15:10,03/07/2024 14:25:53
proj482,team4,stg,AMER,08/02/2024,1213,Failure,04/07/2024 14:17:05,04/07/2024 14:21:25
proj613,team5,stg,EMEA,08/06/2024,218,Failure,05/07/2024 13:54:02,05/07/2024 14:13:36
proj7,team1,dev,AMER,02/04/2024,3558,Failure,06/07/2024 13:57:22,06/07/2024 14:31:00
proj713,team1,prod,EMEA,05/05/2024,3726,Success,07/07/2024 12:37:22,07/07/2024 13:35:27
proj8,team17,stg,EMEA,07/03/2024,2875,Success,08/07/2024 13:07:28,08/07/2024 13:51:53
proj2,team3,stg,EMEA,28/03/2024,463,Failure,09/07/2024 13:19:03,09/07/2024 13:54:54
proj74,team18,stg,EMEA,17/03/2024,950,Success,10/07/2024 13:26:21,10/07/2024 13:52:44
proj334,team6,prod,AMER,19/02/2024,3644,Success,11/07/2024 13:10:05,11/07/2024 13:42:21
proj9,team6,prod,APAC,11/03/2024,2583,Success,12/07/2024 13:27:02,12/07/2024 13:42:11
proj8,team8,dev,EMEA,22/04/2024,3500,Success,13/07/2024 12:47:44,13/07/2024 13:41:24
proj7,team18,dev,APAC,09/03/2024,686,Success,14/07/2024 13:20:26,14/07/2024 14:06:51
proj765,team16,stg,AMER,30/05/2024,2598,Success,15/07/2024 13:35:30,15/07/2024 14:19:20
proj135,team1,stg,APAC,04/01/2024,3648,Failure,16/07/2024 13:15:54,16/07/2024 13:55:45
proj53,team8,dev,APAC,20/04/2024,1055,Failure,17/07/2024 14:01:27,17/07/2024 14:22:43
proj72,team3,dev,APAC,16/03/2024,2763,Failure,18/07/2024 13:51:59,18/07/2024 13:57:59
proj5,team11,stg,AMER,04/02/2024,3740,Success,19/07/2024 13:48:30,19/07/2024 13:58:56
proj192,team4,dev,APAC,12/01/2024,2538,Failure,20/07/2024 13:25:13,20/07/2024 13:58:10
proj250,team16,prod,EMEA,17/03/2024,1735,Success,27/06/2024 13:42:28,27/06/2024 14:04:12
proj07,team6,stg,EMEA,10/01/2024,2093,Success,28/06/2024 14:27:07,28/06/2024 14:33:34
proj6,team12,stg,APAC,24/05/2024,1145,Failure,29/06/2024 13:29:14,29/06/2024 13:43:57
proj38,team9,stg,APAC,30/05/2024,3909,Failure,30/06/2024 13:33:28,30/06/2024 14:26:20
proj86,team15,stg,APAC,04/06/2024,1387,Failure,01/07/2024 13:31:59,01/07/2024 14:13:03
proj077,team5,prod,EMEA,30/05/2024,3947,Success,02/07/2024 12:57:24,02/07/2024 13:56:31
proj34,team11,dev,APAC,22/06/2024,1484,Success,03/07/2024 13:23:15,03/07/2024 13:36:15
proj5,team1,prod,APAC,27/01/2024,967,Success,04/07/2024 13:42:40,04/07/2024 14:12:52
proj334,team8,dev,EMEA,18/05/2024,1641,Failure,05/07/2024 13:28:32,05/07/2024 13:36:28
proj5,team16,stg,APAC,03/01/2024,1866,Failure,06/07/2024 14:11:07,06/07/2024 14:15:38
proj9,team7,stg,AMER,10/05/2024,3079,Failure,07/07/2024 13:43:59,07/07/2024 13:49:10
proj4,team19,prod,APAC,12/01/2024,955,Success,08/07/2024 13:18:20,08/07/2024 14:02:34
proj175,team6,prod,EMEA,29/04/2024,3883,Success,09/07/2024 13:03:40,09/07/2024 13:50:33
proj932,team9,dev,APAC,19/01/2024,1566,Failure,10/07/2024 13:55:32,10/07/2024 14:00:23
proj19,team10,dev,APAC,11/03/2024,1668,Success,11/07/2024 13:57:25,11/07/2024 14:02:05
proj187,team7,prod,EMEA,02/02/2024,3131,Failure,12/07/2024 13:40:49,12/07/2024 13:54:30
proj1,team16,dev,AMER,11/01/2024,1398,Failure,13/07/2024 12:50:25,13/07/2024 13:44:43
proj7,team3,stg,AMER,12/05/2024,245,Failure,14/07/2024 13:06:23,14/07/2024 13:38:41
proj00,team3,dev,EMEA,27/06/2024,353,Success,15/07/2024 13:47:10,15/07/2024 14:22:48
proj0,team2,dev,APAC,21/02/2024,2685,Failure,16/07/2024 12:50:44,16/07/2024 13:37:50
proj3,team13,stg,AMER,21/06/2024,785,Success,17/07/2024 13:09:11,17/07/2024 13:55:55
proj3,team3,prod,APAC,19/04/2024,3662,Failure,18/07/2024 14:15:32,18/07/2024 14:28:23
proj67,team10,prod,AMER,19/06/2024,420,Success,19/07/2024 13:14:37,19/07/2024 13:57:15
proj030,team3,stg,AMER,21/06/2024,2719,Failure,20/07/2024 13:39:57,20/07/2024 13:54:50
proj5,team14,prod,APAC,06/06/2024,1980,Failure,27/06/2024 13:43:07,27/06/2024 14:18:55
proj856,team3,stg,APAC,03/04/2024,750,Failure,28/06/2024 13:27:02,28/06/2024 14:17:50
proj45,team9,stg,APAC,26/04/2024,2661,Failure,29/06/2024 13:13:35,29/06/2024 13:56:32
proj50,team16,dev,APAC,10/04/2024,2600,Success,30/06/2024 13:41:32,30/06/2024 13:51:53
proj71,team7,dev,EMEA,02/04/2024,2226,Failure,01/07/2024 13:54:56,01/07/2024 14:19:50
proj81,team17,stg,AMER,14/02/2024,1352,Success,02/07/2024 13:20:32,02/07/2024 13:37:42
proj11,team6,dev,AMER,27/06/2024,2823,Success,03/07/2024 13:11:52,03/07/2024 13:38:42
proj144,team8,stg,APAC,04/01/2024,802,Failure,04/07/2024 13:26:33,04/07/2024 14:04:22
proj2,team1,stg,AMER,20/06/2024,1765,Failure,05/07/2024 13:18:57,05/07/2024 13:47:29
proj6,team6,dev,EMEA,14/04/2024,1588,Success,06/07/2024 13:43:21,06/07/2024 14:10:08
proj30,team7,prod,APAC,07/05/2024,2482,Success,07/07/2024 12:57:06,07/07/2024 13:41:18
proj71,team8,stg,AMER,02/04/2024,3228,Failure,08/07/2024 13:20:54,08/07/2024 13:38:52
proj4,team12,prod,AMER,26/06/2024,3072,Success,09/07/2024 14:04:40,09/07/2024 14:11:54
proj0,team11,stg,AMER,06/06/2024,851,Failure,10/07/2024 13:50:09,10/07/2024 14:06:54
proj0,team4,prod,EMEA,03/07/2024,1274,Failure,11/07/2024 13:10:38,11/07/2024 13:53:43
proj3,team16,prod,AMER,18/01/2024,2143,Failure,12/07/2024 13:25:28,12/07/2024 13:46:50
proj083,team17,stg,EMEA,24/05/2024,430,Failure,13/07/2024 12:49:21,13/07/2024 13:41:20
proj5,team3,stg,EMEA,18/03/2024,3,Failure,14/07/2024 13:31:25,14/07/2024 13:59:55
proj014,team15,prod,AMER,29/05/2024,1381,Success,15/07/2024 12:45:27,15/07/2024 13:37:39
proj9,team19,prod,APAC,07/06/2024,2216,Success,16/07/2024 13:18:23,16/07/2024 13:52:54
proj747,team11,prod,AMER,09/05/2024,1392,Failure,17/07/2024 13:43:31,17/07/2024 13:56:37
proj4,team15,stg,APAC,06/01/2024,1851,Failure,18/07/2024 12:48:05,18/07/2024 13:44:06
proj090,team12,stg,AMER,23/01/2024,3349,Failure,19/07/2024 14:23:45,19/07/2024 14:23:15
proj341,team14,dev,EMEA,23/01/2024,2949,Failure,20/07/2024 14:11:17,20/07/2024 14:30:39
proj5,team5,prod,EMEA,19/01/2024,962,Failure,27/06/2024 13:10:13,27/06/2024 14:08:29
proj14,team8,stg,AMER,03/05/2024,3518,Success,28/06/2024 13:22:07,28/06/2024 14:05:42
proj524,team5,stg,AMER,23/03/2024,416,Success,29/06/2024 14:13:12,29/06/2024 14:27:08
proj405,team6,dev,EMEA,19/02/2024,2521,Failure,30/06/2024 13:27:41,30/06/2024 14:16:49
proj188,team8,dev,APAC,04/06/2024,3556,Failure,01/07/2024 14:03:12,01/07/2024 14:04:12
proj2,team15,dev,EMEA,20/03/2024,3153,Success,02/07/2024 13:01:50,02/07/2024 13:41:59
proj91,team2,prod,EMEA,18/05/2024,2884,Failure,03/07/2024 13:49:47,03/07/2024 14:01:25
proj89,team1,prod,EMEA,14/01/2024,434,Success,04/07/2024 13:24:59,04/07/2024 13:50:31
proj8,team7,prod,AMER,30/05/2024,153,Success,05/07/2024 14:07:45,05/07/2024 14:14:13
proj63,team11,prod,EMEA,16/02/2024,3729,Failure,06/07/2024 13:16:43,06/07/2024 14:14:47
proj8,team6,stg,APAC,29/01/2024,2186,Failure,07/07/2024 14:01:27,07/07/2024 14:23:33
proj98,team1,prod,EMEA,11/02/2024,3177,Failure,08/07/2024 13:39:06,08/07/2024 13:43:32
proj984,team15,stg,EMEA,05/05/2024,2051,Failure,09/07/2024 13:45:12,09/07/2024 14:30:46
proj8,team14,prod,APAC,29/01/2024,2234,Failure,10/07/2024 13:51:48,10/07/2024 14:12:59
proj5,team16,dev,AMER,31/03/2024,2468,Success,11/07/2024 13:41:05,11/07/2024 14:04:36
proj76,team12,dev,AMER,14/04/2024,3920,Failure,12/07/2024 13:01:47,12/07/2024 13:46:51
proj79,team13,prod,AMER,20/01/2024,1291,Failure,13/07/2024 13:24:35,13/07/2024 13:37:43
proj99,team15,prod,AMER,21/03/2024,540,Success,14/07/2024 13:46:31,14/07/2024 14:06:02
proj7,team11,dev,AMER,23/04/2024,1884,Success,15/07/2024 13:25:46,15/07/2024 13:52:55
proj91,team13,stg,AMER,24/04/2024,2177,Success,16/07/2024 13:53:20,16/07/2024 14:18:00
proj01,team6,dev,EMEA,29/02/2024,458,Success,17/07/2024 12:50:08,17/07/2024 13:49:01
proj374,team11,stg,AMER,20/06/2024,301,Failure,18/07/2024 13:36:46,18/07/2024 14:03:35
proj00,team19,prod,APAC,23/01/2024,2351,Failure,19/07/2024 14:08:50,19/07/2024 14:08:26
proj6,team16,prod,AMER,09/03/2024,123,Failure,20/07/2024 13:49:07,20/07/2024 14:08:00
proj9,team4,dev,AMER,13/06/2024,3503,Failure,27/06/2024 14:08:27,27/06/2024 14:28:45
proj713,team15,stg,APAC,15/06/2024,1266,Failure,28/06/2024 12:42:39,28/06/2024 13:38:41
proj7,team3,prod,EMEA,24/02/2024,3248,Success,29/06/2024 13:18:27,29/06/2024 13:45:23
proj46,team8,stg,EMEA,13/03/2024,1349,Failure,30/06/2024 14:08:38,30/06/2024 14:30:38
proj6,team16,dev,AMER,12/05/2024,1185,Failure,01/07/2024 13:16:57,01/07/2024 13:35:11
proj2,team5,dev,EMEA,06/07/2024,1009,Success,02/07/2024 13:13:19,02/07/2024 13:36:17
proj90,team19,stg,EMEA,04/05/2024,2368,Success,03/07/2024 13:56:34,03/07/2024 13:57:47
proj27,team14,dev,EMEA,13/01/2024,2487,Success,04/07/2024 13:34:11,04/07/2024 14:27:39
proj625,team17,stg,APAC,21/05/2024,3443,Failure,05/07/2024 14:13:57,05/07/2024 14:22:56
proj82,team4,prod,EMEA,07/05/2024,3529,Success,06/07/2024 13:45:39,06/07/2024 14:10:05
proj440,team20,dev,EMEA,16/06/2024,2194,Failure,07/07/2024 13:16:10,07/07/2024 13:38:29
proj43,team18,prod,AMER,07/03/2024,1462,Success,08/07/2024 12:55:19,08/07/2024 13:51:12
proj391,team8,dev,AMER,12/01/2024,2492,Success,09/07/2024 13:56:37,09/07/2024 14:13:54
proj69,team2,stg,APAC,01/03/2024,644,Failure,10/07/2024 13:16:40,10/07/2024 13:49:31
proj839,team4,dev,APAC,19/04/2024,2308,Success,11/07/2024 13:18:04,11/07/2024 14:02:55
proj3,team20,stg,APAC,13/03/2024,3999,Failure,12/07/2024 14:28:38,12/07/2024 14:32:04
proj6,team14,prod,EMEA,11/01/2024,274,Failure,13/07/2024 13:51:10,13/07/2024 14:00:35
proj31,team15,dev,EMEA,15/02/2024,124,Failure,14/07/2024 13:14:33,14/07/2024 13:37:25
proj0,team4,prod,EMEA,03/01/2024,2928,Failure,15/07/2024 14:11:41,15/07/2024 14:18:11
proj4,team1,stg,APAC,01/01/2024,2912,Failure,16/07/2024 13:30:37,16/07/2024 14:00:00
proj7,team14,dev,AMER,07/04/2024,3159,Success,17/07/2024 13:57:14,17/07/2024 13:59:42
proj652,team11,dev,APAC,13/03/2024,3832,Failure,18/07/2024 13:40:42,18/07/2024 14:15:22
proj83,team2,stg,APAC,17/06/2024,3380,Success,19/07/2024 13:12:32,19/07/2024 14:02:11
proj855,team18,stg,EMEA,01/02/2024,2943,Success,20/07/2024 13:49:03,20/07/2024 14:01:12
proj5,team9,stg,EMEA,07/06/2024,2027,Failure,27/06/2024 13:28:55,27/06/2024 14:24:42
proj5,team17,dev,AMER,21/03/2024,3871,Success,28/06/2024 13:15:00,28/06/2024 13:46:13
proj464,team17,stg,EMEA,07/07/2024,1209,Success,29/06/2024 12:55:44,29/06/2024 13:52:02
proj6,team16,stg,APAC,14/06/2024,314,Success,30/06/2024 13:35:12,30/06/2024 14:14:06
proj18,team5,dev,EMEA,19/04/2024,3035,Failure,01/07/2024 12:57:28,01/07/2024 13:42:10
proj99,team10,stg,APAC,21/01/2024,1129,Success,02/07/2024 12:58:15,02/07/2024 13:41:31
proj89,team12,prod,EMEA,19/05/2024,108,Success,03/07/2024 13:02:03,03/07/2024 13:45:31
proj7,team12,dev,APAC,24/04/2024,2340,Failure,04/07/2024 14:03:01,04/07/2024 14:21:46
proj5,team6,stg,APAC,13/06/2024,912,Failure,05/07/2024 13:40:19,05/07/2024 14:27:44
proj574,team17,dev,EMEA,07/05/2024,107,Failure,06/07/2024 13:09:37,06/07/2024 13:58:04
proj0,team9,stg,EMEA,25/01/2024,506,Failure,07/07/2024 13:46:41,07/07/2024 14:31:04
proj9,team7,stg,EMEA,01/07/2024,636,Failure,08/07/2024 14:03:56,08/07/2024 14:15:20
proj7,team9,stg,AMER,14/06/2024,3767,Success,09/07/2024 13:49:11,09/07/2024 14:28:45
proj03,team5,prod,AMER,02/07/2024,6,Success,10/07/2024 13:58:39,10/07/2024 14:17:55
proj10,team13,stg,APAC,08/03/2024,3851,Failure,11/07/2024 13:17:47,11/07/2024 14:00:15
proj15,team5,prod,EMEA,10/06/2024,3863,Failure,12/07/2024 13:38:34,12/07/2024 14:03:10
proj39,team14,dev,EMEA,18/01/2024,2319,Success,13/07/2024 13:52:35,13/07/2024 13:55:26
proj7,team4,stg,EMEA,08/02/2024,2173,Success,14/07/2024 13:45:58,14/07/2024 14:08:20
proj06,team11,dev,APAC,12/06/2024,2797,Failure,15/07/2024 13:48:29,15/07/2024 14:32:50
proj9,team4,prod,EMEA,06/07/2024,3956,Success,16/07/2024 12:51:47,16/07/2024 13:47:02
proj3,team9,dev,AMER,22/06/2024,633,Failure,17/07/2024 13:32:49,17/07/2024 14:21:18
proj79,team12,dev,EMEA,16/03/2024,565,Failure,18/07/2024 12:56:33,18/07/2024 13:53:56
proj5,team17,stg,AMER,21/02/2024,2104,Success,19/07/2024 13:43:56,19/07/2024 14:04:26
proj839,team13,stg,EMEA,23/06/2024,1509,Success,20/07/2024 14:04:20,20/07/2024 14:33:36
proj210,team15,stg,AMER,30/06/2024,3098,Failure,27/06/2024 13:22:02,27/06/2024 13:45:00
proj5,team13,stg,EMEA,19/04/2024,978,Failure,28/06/2024 14:09:17,28/06/2024 14:23:21
proj42,team16,dev,APAC,07/04/2024,2216,Failure,29/06/2024 13:33:49,29/06/2024 13:54:25
proj98,team3,stg,APAC,24/06/2024,222,Success,30/06/2024 13:13:26,30/06/2024 13:44:15
proj16,team20,stg,APAC,11/05/2024,3798,Failure,01/07/2024 14:05:13,01/07/2024 14:24:57
proj81,team4,dev,EMEA,07/04/2024,1192,Success,02/07/2024 13:52:01,02/07/2024 14:31:02
proj1,team12,prod,APAC,15/06/2024,3665,Success,03/07/2024 13:38:28,03/07/2024 13:54:53
proj86,team3,stg,APAC,26/01/2024,2097,Failure,04/07/2024 13:42:05,04/07/2024 14:16:03
proj17,team10,prod,APAC,21/06/2024,399,Failure,05/07/2024 13:38:10,05/07/2024 14:33:52
proj9,team19,prod,APAC,30/06/2024,2034,Failure,06/07/2024 13:26:55,06/07/2024 13:42:07
proj2,team11,stg,APAC,29/02/2024,677,Failure,07/07/2024 13:09:20,07/07/2024 14:07:21
proj7,team7,dev,AMER,17/06/2024,2389,Success,08/07/2024 13:20:46,08/07/2024 13:39:31
proj7,team2,stg,AMER,03/07/2024,2815,Success,09/07/2024 13:07:28,09/07/2024 13:40:46
proj770,team19,stg,AMER,19/05/2024,1927,Success,10/07/2024 13:58:35,10/07/2024 14:33:54
proj462,team5,prod,EMEA,26/05/2024,2410,Success,11/07/2024 13:07:37,11/07/2024 13:38:50
proj024,team3,dev,EMEA,25/04/2024,2667,Success,12/07/2024 13:50:24,12/07/2024 14:27:57
proj20,team6,stg,EMEA,13/01/2024,3531,Failure,13/07/2024 13:14:54,13/07/2024 13:48:23
proj9,team13,dev,APAC,01/03/2024,580,Success,14/07/2024 13:46:38,14/07/2024 13:56:05
proj72,team19,stg,APAC,23/01/2024,2893,Success,15/07/2024 14:16:42,15/07/2024 14:27:48
proj577,team14,stg,AMER,27/06/2024,3623,Success,16/07/2024 12:56:28,16/07/2024 13:47:39
proj56,team12,stg,EMEA,21/03/2024,1781,Success,17/07/2024 13:06:58,17/07/2024 14:00:56
proj18,team1,prod,EMEA,26/05/2024,1699,Failure,18/07/2024 13:39:10,18/07/2024 14:29:59
proj781,team12,prod,APAC,18/05/2024,1100,Failure,19/07/2024 13:56:15,19/07/2024 14:17:41
proj2,team17,dev,EMEA,02/03/2024,2367,Success,20/07/2024 13:28:53,20/07/2024 14:16:49
proj5,team16,stg,AMER,05/01/2024,231,Failure,02/07/2024 14:01:23,02/07/2024 14:29:30
proj0,team19,dev,APAC,21/05/2024,3628,Success,03/07/2024 13:37:26,03/07/2024 14:18:32
proj60,team12,prod,EMEA,04/07/2024,3599,Success,04/07/2024 13:09:48,04/07/2024 13:36:26
proj0,team3,stg,AMER,22/01/2024,3493,Success,05/07/2024 13:22:00,05/07/2024 14:16:17
proj68,team14,stg,AMER,21/05/2024,1967,Success,06/07/2024 13:03:22,06/07/2024 13:50:49
proj75,team8,dev,AMER,06/01/2024,3537,Failure,07/07/2024 12:40:27,07/07/2024 13:38:08
proj0,team5,prod,AMER,02/07/2024,892,Success,08/07/2024 13:50:55,08/07/2024 14:15:16
proj5,team20,prod,APAC,09/07/2024,2014,Success,09/07/2024 13:54:42,09/07/2024 14:26:58
proj08,team7,stg,APAC,02/04/2024,3027,Success,10/07/2024 13:07:41,10/07/2024 13:35:26
proj775,team19,dev,APAC,27/03/2024,3841,Failure,11/07/2024 13:29:09,11/07/2024 13:43:51
proj0,team14,stg,AMER,27/04/2024,1286,Failure,12/07/2024 13:35:00,12/07/2024 14:14:41
proj73,team9,prod,AMER,21/01/2024,3317,Failure,13/07/2024 13:18:38,13/07/2024 13:57:22
proj64,team4,dev,APAC,18/01/2024,94,Success,14/07/2024 13:40:15,14/07/2024 13:43:18
proj9,team4,stg,AMER,03/04/2024,2588,Failure,15/07/2024 13:29:29,15/07/2024 13:45:02
proj036,team20,prod,EMEA,05/05/2024,3834,Failure,16/07/2024 13:38:40,16/07/2024 14:33:33
proj8,team13,dev,APAC,10/06/2024,70,Failure,17/07/2024 13:53:17,17/07/2024 14:33:33
proj64,team3,dev,AMER,31/01/2024,3658,Failure,18/07/2024 13:43:46,18/07/2024 13:44:05
proj4,team6,stg,APAC,13/04/2024,1617,Failure,19/07/2024 13:48:21,19/07/2024 14:08:34
proj73,team19,prod,AMER,02/07/2024,1897,Success,20/07/2024 14:03:17,20/07/2024 14:28:08
proj05,team17,stg,AMER,23/06/2024,2104,Success,27/06/2024 14:14:58,27/06/2024 14:15:47
proj40,team1,prod,AMER,23/02/2024,340,Failure,28/06/2024 14:08:59,28/06/2024 14:09:56
proj074,team11,stg,EMEA,05/04/2024,2969,Failure,29/06/2024 13:23:27,29/06/2024 13:37:29
proj5,team3,dev,APAC,20/01/2024,569,Success,30/06/2024 13:06:23,30/06/2024 14:02:55
proj39,team1,prod,EMEA,06/01/2024,1640,Success,01/07/2024 14:05:33,01/07/2024 14:33:53
proj014,team7,dev,AMER,08/02/2024,420,Success,02/07/2024 13:53:20,02/07/2024 14:26:02
proj79,team12,stg,AMER,05/05/2024,3130,Success,03/07/2024 13:23:09,03/07/2024 13:46:52
proj24,team6,prod,EMEA,26/04/2024,1010,Failure,04/07/2024 12:37:59,04/07/2024 13:35:03
proj001,team6,stg,AMER,29/02/2024,2743,Failure,05/07/2024 13:17:54,05/07/2024 13:52:28
proj9,team19,dev,EMEA,20/02/2024,1540,Success,06/07/2024 13:09:45,06/07/2024 13:53:02
proj70,team3,prod,AMER,11/06/2024,538,Failure,07/07/2024 13:22:04,07/07/2024 14:04:50
proj0,team3,prod,APAC,28/06/2024,684,Success,08/07/2024 12:49:03,08/07/2024 13:36:46
proj9,team12,dev,EMEA,31/01/2024,227,Failure,09/07/2024 13:30:19,09/07/2024 13:47:58
proj60,team5,prod,APAC,06/07/2024,3436,Success,10/07/2024 13:03:15,10/07/2024 13:53:54
proj718,team1,stg,APAC,26/03/2024,3605,Success,11/07/2024 13:20:53,11/07/2024 14:00:38
proj57,team19,prod,AMER,26/03/2024,2290,Success,12/07/2024 13:32:01,12/07/2024 13:39:48
proj3,team10,dev,AMER,06/07/2024,293,Failure,13/07/2024 13:03:32,13/07/2024 13:55:59
proj7,team19,stg,APAC,16/04/2024,416,Success,14/07/2024 13:16:41,14/07/2024 14:02:36
proj336,team5,stg,AMER,21/04/2024,3517,Failure,15/07/2024 13:24:26,15/07/2024 13:56:13
proj0,team1,prod,AMER,26/02/2024,221,Success,16/07/2024 14:00:28,16/07/2024 14:33:29
proj53,team18,stg,AMER,05/05/2024,2691,Failure,17/07/2024 13:18:50,17/07/2024 14:01:20
proj3,team13,dev,AMER,27/05/2024,1697,Success,18/07/2024 13:02:18,18/07/2024 13:56:35
proj7,team16,dev,EMEA,15/06/2024,3427,Failure,19/07/2024 13:36:34,19/07/2024 14:25:31
proj1,team12,stg,AMER,28/04/2024,2986,Failure,20/07/2024 13:43:57,20/07/2024 14:33:34
proj1,team20,dev,APAC,13/01/2024,3637,Failure,27/06/2024 14:09:33,27/06/2024 14:30:08
proj12,team15,dev,APAC,31/05/2024,2999,Success,28/06/2024 13:34:25,28/06/2024 13:48:05
proj6,team17,stg,EMEA,29/02/2024,1077,Success,29/06/2024 12:44:09,29/06/2024 13:37:04
proj992,team15,stg,AMER,09/05/2024,3446,Failure,30/06/2024 13:30:41,30/06/2024 14:14:53
proj2,team12,dev,APAC,27/01/2024,1229,Success,01/07/2024 14:03:26,01/07/2024 14:06:53
proj9,team9,prod,EMEA,21/05/2024,2315,Success,02/07/2024 14:04:56,02/07/2024 14:24:33
proj888,team11,dev,EMEA,30/05/2024,2346,Failure,03/07/2024 13:25:01,03/07/2024 14:04:40
proj387,team1,prod,AMER,17/04/2024,1897,Success,04/07/2024 13:16:53,04/07/2024 14:13:42
proj2,team20,stg,EMEA,18/03/2024,3991,Failure,05/07/2024 14:17:13,05/07/2024 14:30:06
proj1,team17,stg,EMEA,18/06/2024,2610,Failure,06/07/2024 13:42:31,06/07/2024 14:04:08
proj309,team9,prod,EMEA,16/04/2024,1777,Failure,07/07/2024 13:25:10,07/07/2024 13:45:36
proj576,team2,stg,EMEA,14/01/2024,2485,Failure,08/07/2024 13:31:32,08/07/2024 14:06:25
proj5,team15,prod,EMEA,26/01/2024,1112,Success,09/07/2024 13:19:55,09/07/2024 13:37:51
proj9,team16,prod,AMER,15/01/2024,2192,Success,10/07/2024 14:00:12,10/07/2024 14:15:08
proj502,team17,prod,EMEA,01/06/2024,1088,Failure,11/07/2024 13:33:13,11/07/2024 14:20:45
proj47,team9,dev,APAC,02/07/2024,3449,Failure,12/07/2024 13:40:30,12/07/2024 14:33:41
proj713,team18,prod,APAC,16/04/2024,3726,Success,13/07/2024 13:00:41,13/07/2024 13:41:25
proj7,team7,dev,AMER,22/02/2024,3311,Failure,14/07/2024 13:41:29,14/07/2024 14:23:33
proj42,team7,dev,AMER,13/06/2024,2049,Success,15/07/2024 13:18:55,15/07/2024 13:58:46
proj5,team7,dev,APAC,29/06/2024,3053,Success,16/07/2024 13:15:35,16/07/2024 13:59:28
proj4,team15,stg,EMEA,05/07/2024,1710,Failure,17/07/2024 14:15:22,17/07/2024 14:17:12
proj410,team16,stg,APAC,21/04/2024,522,Failure,18/07/2024 13:35:44,18/07/2024 14:20:22
proj1,team17,stg,EMEA,27/03/2024,3428,Success,19/07/2024 13:25:50,19/07/2024 14:11:24
proj52,team6,stg,EMEA,16/03/2024,2209,Failure,20/07/2024 12:51:58,20/07/2024 13:40:49
proj303,team18,prod,EMEA,15/06/2024,1731,Failure,27/06/2024 13:28:29,27/06/2024 14:02:17
proj43,team13,dev,AMER,18/02/2024,3607,Failure,28/06/2024 13:20:09,28/06/2024 13:56:41
proj043,team4,stg,EMEA,15/04/2024,3932,Success,29/06/2024 13:41:26,29/06/2024 14:05:08
proj31,team14,stg,APAC,21/03/2024,779,Failure,30/06/2024 13:53:33,30/06/2024 14:33:35
proj55,team8,stg,AMER,16/03/2024,2808,Failure,01/07/2024 13:48:04,01/07/2024 14:20:37
proj4,team8,stg,AMER,05/02/2024,337,Failure,02/07/2024 13:46:05,02/07/2024 14:13:10
proj9,team10,stg,APAC,30/04/2024,435,Failure,03/07/2024 14:05:00,03/07/2024 14:05:45
proj390,team4,dev,AMER,23/02/2024,3113,Failure,04/07/2024 13:36:50,04/07/2024 14:12:00
proj88,team13,prod,AMER,05/06/2024,3232,Failure,05/07/2024 13:47:26,05/07/2024 14:32:22
proj4,team9,stg,EMEA,26/05/2024,2947,Failure,06/07/2024 13:47:36,06/07/2024 14:09:23
proj9,team11,dev,APAC,14/03/2024,2374,Success,07/07/2024 13:23:24,07/07/2024 13:42:58
proj358,team13,dev,AMER,31/05/2024,3216,Success,08/07/2024 13:22:08,08/07/2024 14:14:05
proj4,team14,stg,AMER,25/03/2024,368,Success,09/07/2024 13:01:46,09/07/2024 13:36:14
proj232,team9,prod,EMEA,30/01/2024,3145,Success,10/07/2024 13:11:37,10/07/2024 13:43:14
proj4,team11,prod,AMER,23/01/2024,3326,Failure,11/07/2024 13:19:54,11/07/2024 13:56:52
proj49,team19,dev,APAC,19/06/2024,39,Success,12/07/2024 12:52:35,12/07/2024 13:43:36
proj8,team7,dev,EMEA,27/05/2024,3679,Failure,13/07/2024 13:42:51,13/07/2024 14:02:05
proj33,team16,dev,AMER,04/01/2024,2753,Failure,14/07/2024 13:34:08,14/07/2024 13:35:08
proj25,team12,stg,AMER,17/02/2024,2901,Failure,15/07/2024 13:00:26,15/07/2024 13:44:18
proj492,team9,prod,EMEA,24/01/2024,29,Failure,16/07/2024 13:29:47,16/07/2024 14:18:08
proj63,team16,prod,APAC,07/05/2024,199,Success,17/07/2024 13:06:44,17/07/2024 13:39:02
proj541,team10,prod,APAC,16/01/2024,2718,Success,18/07/2024 13:26:04,18/07/2024 14:10:45
proj46,team5,stg,EMEA,08/03/2024,3296,Success,19/07/2024 13:43:43,19/07/2024 14:24:14
proj409,team3,dev,EMEA,09/02/2024,3941,Success,20/07/2024 13:23:49,20/07/2024 13:59:00
proj966,team5,stg,EMEA,07/04/2024,1663,Success,27/06/2024 13:58:55,27/06/2024 14:07:12
proj1,team16,dev,EMEA,12/04/2024,1707,Failure,28/06/2024 13:55:02,28/06/2024 13:59:07
proj093,team7,dev,EMEA,15/05/2024,3846,Success,29/06/2024 13:26:59,29/06/2024 14:13:09
proj516,team19,dev,EMEA,03/05/2024,1529,Success,30/06/2024 14:15:47,30/06/2024 14:17:31
proj601,team10,stg,AMER,13/05/2024,3920,Success,01/07/2024 13:29:20,01/07/2024 14:10:27
proj1,team15,stg,APAC,04/03/2024,1909,Success,02/07/2024 13:34:38,02/07/2024 14:20:58
proj805,team13,prod,APAC,20/02/2024,384,Success,03/07/2024 13:34:37,03/07/2024 14:08:05
proj6,team14,prod,EMEA,23/04/2024,2748,Success,04/07/2024 13:19:43,04/07/2024 13:51:12
proj471,team12,prod,AMER,23/01/2024,1757,Success,05/07/2024 13:46:02,05/07/2024 14:10:06
proj7,team7,stg,APAC,13/04/2024,2949,Success,06/07/2024 13:20:22,06/07/2024 13:50:10
proj2,team1,stg,AMER,31/01/2024,1277,Failure,07/07/2024 13:44:07,07/07/2024 14:02:17
proj6,team17,dev,EMEA,25/01/2024,2529,Failure,08/07/2024 13:24:09,08/07/2024 14:07:18
proj945,team5,dev,APAC,24/02/2024,1077,Success,09/07/2024 14:15:00,09/07/2024 14:25:12
proj0,team19,stg,EMEA,08/02/2024,1649,Failure,10/07/2024 13:48:43,10/07/2024 14:21:46
proj179,team17,prod,AMER,15/01/2024,3178,Failure,11/07/2024 13:12:23,11/07/2024 13:51:27
proj38,team1,prod,AMER,04/01/2024,3881,Success,12/07/2024 13:35:56,12/07/2024 14:26:41
proj70,team17,stg,APAC,27/02/2024,2569,Success,13/07/2024 13:20:28,13/07/2024 14:15:00
proj3,team6,stg,EMEA,23/02/2024,214,Success,14/07/2024 13:17:51,14/07/2024 13:41:58
proj562,team5,dev,AMER,11/06/2024,2075,Success,15/07/2024 14:05:11,15/07/2024 14:22:57
proj652,team16,prod,AMER,02/03/2024,1975,Failure,16/07/2024 13:10:54,16/07/2024 13:51:57
proj92,team17,dev,AMER,16/05/2024,3950,Success,17/07/2024 13:46:44,17/07/2024 14:07:19
proj21,team16,prod,APAC,11/01/2024,3528,Success,18/07/2024 13:23:41,18/07/2024 14:10:23
proj51,team6,dev,AMER,19/03/2024,2187,Success,19/07/2024 14:00:59,19/07/2024 14:13:41
proj139,team7,prod,AMER,17/03/2024,1333,Success,20/07/2024 13:39:52,20/07/2024 14:06:57
proj43,team2,dev,AMER,06/03/2024,128,Success,27/06/2024 13:42:18,27/06/2024 13:46:56
proj140,team3,stg,EMEA,31/03/2024,993,Failure,28/06/2024 12:45:01,28/06/2024 13:35:19
proj8,team15,dev,AMER,04/03/2024,3119,Success,29/06/2024 13:39:23,29/06/2024 13:52:51
proj77,team2,prod,EMEA,20/05/2024,3966,Success,30/06/2024 13:02:29,30/06/2024 13:45:26
proj236,team18,dev,AMER,19/03/2024,805,Success,01/07/2024 13:35:36,01/07/2024 14:05:35
proj43,team7,stg,APAC,10/07/2024,1312,Failure,02/07/2024 14:14:21,02/07/2024 14:30:31
proj862,team6,stg,AMER,09/02/2024,177,Failure,03/07/2024 13:21:21,03/07/2024 14:13:26
proj48,team19,dev,AMER,28/03/2024,679,Failure,04/07/2024 13:50:02,04/07/2024 14:02:30
proj8,team19,prod,EMEA,07/02/2024,1010,Success,05/07/2024 13:10:40,05/07/2024 14:09:13
proj27,team8,stg,AMER,29/01/2024,3677,Failure,06/07/2024 13:14:04,06/07/2024 14:08:47
proj6,team12,prod,EMEA,04/01/2024,2359,Failure,07/07/2024 13:16:56,07/07/2024 13:34:28
proj6,team12,prod,EMEA,11/06/2024,3859,Failure,08/07/2024 13:24:20,08/07/2024 14:10:24
proj8,team16,prod,APAC,04/02/2024,1433,Success,09/07/2024 13:21:13,09/07/2024 13:49:07
proj8,team12,prod,AMER,30/04/2024,2369,Failure,10/07/2024 13:58:10,10/07/2024 14:14:40
proj541,team5,prod,AMER,16/06/2024,1305,Failure,11/07/2024 13:21:07,11/07/2024 14:04:28
proj8,team2,prod,EMEA,01/06/2024,1873,Success,12/07/2024 13:45:46,12/07/2024 14:32:26
proj0,team2,dev,APAC,23/06/2024,2239,Success,13/07/2024 13:03:14,13/07/2024 13:49:09
proj06,team7,dev,EMEA,29/03/2024,1862,Failure,14/07/2024 13:37:18,14/07/2024 13:51:51
proj5,team18,dev,APAC,27/02/2024,1903,Success,15/07/2024 13:54:11,15/07/2024 14:06:38
proj51,team7,dev,AMER,02/04/2024,1186,Failure,16/07/2024 12:55:57,16/07/2024 13:46:31
proj77,team13,dev,AMER,04/07/2024,1144,Failure,17/07/2024 13:30:46,17/07/2024 13:57:44
proj76,team14,dev,EMEA,10/06/2024,3251,Success,18/07/2024 13:14:42,18/07/2024 14:07:40
proj3,team9,stg,APAC,07/02/2024,319,Success,19/07/2024 12:42:49,19/07/2024 13:39:37
proj7,team6,dev,APAC,06/01/2024,2505,Failure,20/07/2024 13:58:06,20/07/2024 14:14:53
proj4,team19,stg,EMEA,23/04/2024,3216,Failure,27/06/2024 12:40:16,27/06/2024 13:37:45
proj5,team11,prod,AMER,17/02/2024,2641,Failure,28/06/2024 14:02:55,28/06/2024 14:17:06
proj3,team3,prod,EMEA,18/06/2024,313,Success,29/06/2024 13:32:16,29/06/2024 14:28:12
proj44,team18,stg,AMER,13/05/2024,1779,Failure,30/06/2024 13:44:08,30/06/2024 14:15:39
proj44,team15,dev,EMEA,21/01/2024,1632,Success,01/07/2024 13:55:43,01/07/2024 14:09:46
proj84,team15,stg,APAC,08/06/2024,3678,Failure,02/07/2024 13:37:25,02/07/2024 14:04:17
proj5,team20,dev,EMEA,09/01/2024,3404,Success,03/07/2024 13:16:50,03/07/2024 13:56:52
proj064,team6,dev,EMEA,17/01/2024,2546,Failure,04/07/2024 13:09:18,04/07/2024 13:35:21
proj55,team8,dev,EMEA,09/06/2024,3409,Success,05/07/2024 13:32:23,05/07/2024 14:28:30
proj78,team14,prod,AMER,03/03/2024,3605,Failure,06/07/2024 13:05:16,06/07/2024 13:50:24
proj92,team14,dev,EMEA,14/05/2024,158,Failure,07/07/2024 12:56:28,07/07/2024 13:40:22
proj48,team16,stg,AMER,30/01/2024,1666,Failure,08/07/2024 13:14:09,08/07/2024 14:14:53
proj990,team20,prod,EMEA,29/03/2024,1797,Failure,09/07/2024 13:07:38,09/07/2024 13:40:26
proj3,team6,stg,AMER,14/04/2024,3728,Failure,10/07/2024 13:58:59,10/07/2024 14:01:51
proj420,team18,stg,AMER,20/04/2024,2908,Failure,11/07/2024 13:13:10,11/07/2024 13:53:48
proj3,team2,stg,APAC,27/02/2024,2720,Failure,12/07/2024 13:51:21,12/07/2024 14:23:08
proj912,team6,dev,AMER,04/04/2024,1195,Success,13/07/2024 13:22:46,13/07/2024 14:12:15
proj7,team7,dev,APAC,21/01/2024,1576,Failure,14/07/2024 13:58:44,14/07/2024 14:32:57
proj0,team16,stg,APAC,28/04/2024,1642,Failure,15/07/2024 13:35:11,15/07/2024 13:54:23
proj162,team7,stg,AMER,10/03/2024,2211,Failure,16/07/2024 13:41:15,16/07/2024 13:46:58
proj85,team10,prod,EMEA,04/06/2024,1988,Success,17/07/2024 13:29:34,17/07/2024 14:21:19
proj89,team19,prod,APAC,17/01/2024,3435,Failure,18/07/2024 13:41:34,18/07/2024 13:46:39
proj557,team11,prod,APAC,01/04/2024,710,Failure,19/07/2024 12:54:00,19/07/2024 13:47:04
proj343,team16,prod,AMER,25/02/2024,790,Failure,20/07/2024 14:22:54,20/07/2024 14:33:51
proj14,team16,stg,APAC,06/06/2024,2461,Failure,02/07/2024 12:51:56,02/07/2024 13:34:42
proj8,team5,prod,EMEA,10/03/2024,3118,Success,03/07/2024 14:11:11,03/07/2024 14:32:12
proj18,team18,stg,APAC,30/01/2024,2919,Success,04/07/2024 13:59:04,04/07/2024 14:16:26
proj4,team5,prod,AMER,08/05/2024,1524,Success,05/07/2024 13:05:53,05/07/2024 13:57:41
proj6,team15,stg,AMER,08/04/2024,3545,Failure,06/07/2024 13:06:04,06/07/2024 13:53:37
proj834,team9,prod,AMER,23/01/2024,3650,Success,07/07/2024 13:14:12,07/07/2024 13:37:00
proj536,team5,stg,EMEA,21/05/2024,420,Failure,08/07/2024 13:49:32,08/07/2024 13:52:30
proj7,team7,dev,AMER,11/02/2024,212,Failure,09/07/2024 14:14:06,09/07/2024 14:20:59
proj141,team20,dev,EMEA,25/03/2024,293,Success,10/07/2024 13:57:21,10/07/2024 14:07:59
proj21,team4,dev,AMER,21/05/2024,3763,Failure,11/07/2024 13:28:08,11/07/2024 13:42:06
proj6,team9,dev,EMEA,10/05/2024,1392,Failure,12/07/2024 13:57:15,12/07/2024 14:04:36
proj81,team2,dev,EMEA,10/02/2024,3974,Success,13/07/2024 13:31:59,13/07/2024 13:43:12
proj3,team8,dev,AMER,05/03/2024,1746,Failure,14/07/2024 13:17:49,14/07/2024 13:37:01
proj54,team15,stg,APAC,22/01/2024,1832,Failure,15/07/2024 14:04:02,15/07/2024 14:11:59
proj15,team11,dev,APAC,04/07/2024,1700,Failure,16/07/2024 13:47:20,16/07/2024 13:51:46
proj20,team13,stg,EMEA,09/04/2024,1355,Success,17/07/2024 13:57:30,17/07/2024 14:04:31
proj23,team15,stg,EMEA,15/02/2024,2533,Success,18/07/2024 13:08:07,18/07/2024 13:51:52
proj3,team12,prod,APAC,17/02/2024,739,Success,19/07/2024 13:31:24,19/07/2024 14:02:11
proj059,team12,dev,APAC,29/06/2024,1630,Success,20/07/2024 13:46:57,20/07/2024 14:17:53
proj57,team17,prod,APAC,11/01/2024,2454,Failure,27/06/2024 13:31:35,27/06/2024 13:59:25
proj233,team17,prod,APAC,27/01/2024,930,Failure,28/06/2024 13:21:53,28/06/2024 14:11:02
proj5,team18,stg,AMER,02/03/2024,3854,Success,29/06/2024 13:39:33,29/06/2024 13:47:38
proj259,team19,stg,AMER,23/06/2024,1421,Success,30/06/2024 14:15:22,30/06/2024 14:30:56
proj29,team4,prod,AMER,02/04/2024,134,Success,01/07/2024 13:34:45,01/07/2024 13:40:58
proj7,team17,stg,APAC,28/06/2024,565,Failure,02/07/2024 13:20:35,02/07/2024 13:42:56
proj157,team7,dev,APAC,07/04/2024,1158,Success,03/07/2024 13:13:10,03/07/2024 14:00:51
proj614,team1,dev,EMEA,30/05/2024,1843,Success,04/07/2024 14:11:11,04/07/2024 14:24:12
proj6,team15,stg,EMEA,10/04/2024,1692,Failure,05/07/2024 13:03:04,05/07/2024 13:35:22
proj1,team15,dev,APAC,18/03/2024,3268,Failure,06/07/2024 13:14:59,06/07/2024 13:42:17
proj59,team20,prod,EMEA,05/06/2024,1741,Failure,07/07/2024 13:14:55,07/07/2024 13:54:21
proj1,team16,prod,APAC,23/04/2024,2104,Failure,08/07/2024 13:24:08,08/07/2024 13:38:19
proj320,team18,stg,APAC,03/06/2024,3166,Success,09/07/2024 14:23:00,09/07/2024 14:33:42
proj4,team10,prod,AMER,12/04/2024,3610,Success,10/07/2024 12:58:51,10/07/2024 13:46:57
proj753,team19,stg,APAC,12/04/2024,3624,Failure,11/07/2024 13:53:04,11/07/2024 14:16:34
proj947,team2,stg,AMER,19/03/2024,2394,Success,12/07/2024 13:24:25,12/07/2024 14:11:50
proj345,team6,stg,AMER,28/04/2024,1222,Success,13/07/2024 12:57:42,13/07/2024 13:48:48
proj05,team7,dev,AMER,28/02/2024,1359,Failure,14/07/2024 14:02:44,14/07/2024 14:21:23
proj715,team16,prod,APAC,03/03/2024,1619,Failure,15/07/2024 14:17:45,15/07/2024 14:30:54
proj941,team12,stg,EMEA,09/01/2024,997,Failure,16/07/2024 13:02:13,16/07/2024 13:34:49
proj9,team14,prod,AMER,10/02/2024,3279,Success,17/07/2024 13:35:49,17/07/2024 14:12:17
proj419,team5,dev,AMER,30/03/2024,452,Success,18/07/2024 13:54:26,18/07/2024 14:27:57
proj26,team18,dev,AMER,20/01/2024,2232,Success,19/07/2024 14:15:50,19/07/2024 14:20:29
proj297,team12,stg,EMEA,27/02/2024,3761,Success,20/07/2024 13:18:03,20/07/2024 14:12:10
proj1,team17,stg,APAC,06/07/2024,3256,Failure,27/06/2024 13:36:57,27/06/2024 13:52:56
proj008,team13,stg,AMER,24/01/2024,479,Failure,28/06/2024 13:39:27,28/06/2024 13:43:56
proj635,team13,stg,EMEA,25/03/2024,1091,Success,29/06/2024 13:46:43,29/06/2024 13:54:14
proj39,team17,prod,AMER,03/07/2024,993,Success,30/06/2024 13:28:49,30/06/2024 13:58:00
proj072,team14,stg,EMEA,05/02/2024,3359,Failure,01/07/2024 13:41:08,01/07/2024 14:32:37
proj62,team12,stg,AMER,18/04/2024,566,Failure,02/07/2024 13:12:06,02/07/2024 13:36:29
proj77,team12,dev,EMEA,11/02/2024,1287,Failure,03/07/2024 13:59:19,03/07/2024 14:25:10
proj4,team18,stg,AMER,26/06/2024,3485,Failure,04/07/2024 13:48:51,04/07/2024 13:58:27
proj423,team20,prod,AMER,06/06/2024,3256,Failure,05/07/2024 13:21:51,05/07/2024 14:04:47
proj77,team14,prod,AMER,25/05/2024,1154,Success,06/07/2024 14:07:41,06/07/2024 14:13:04
proj74,team15,stg,AMER,28/02/2024,3062,Failure,07/07/2024 13:48:01,07/07/2024 14:02:34
proj7,team5,dev,AMER,10/02/2024,351,Failure,08/07/2024 13:43:24,08/07/2024 14:15:09
proj92,team19,dev,APAC,30/01/2024,1608,Failure,09/07/2024 14:00:21,09/07/2024 14:19:04
proj6,team2,prod,AMER,12/04/2024,2293,Success,10/07/2024 13:54:52,10/07/2024 14:33:21
proj309,team5,stg,APAC,11/05/2024,2485,Success,11/07/2024 13:34:36,11/07/2024 14:09:19
proj581,team8,stg,APAC,30/05/2024,2401,Success,12/07/2024 13:28:47,12/07/2024 14:00:52
proj7,team5,prod,EMEA,01/06/2024,1993,Success,13/07/2024 13:16:02,13/07/2024 13:39:19
proj48,team17,prod,EMEA,07/07/2024,3969,Success,14/07/2024 13:35:09,14/07/2024 13:44:28
proj03,team1,dev,EMEA,24/04/2024,229,Failure,15/07/2024 13:29:45,15/07/2024 13:38:10
proj38,team8,stg,EMEA,02/06/2024,1931,Success,16/07/2024 14:03:10,16/07/2024 14:05:40
proj5,team13,prod,AMER,20/05/2024,2898,Failure,17/07/2024 12:59:00,17/07/2024 13:50:52
proj687,team2,dev,EMEA,14/06/2024,3232,Failure,18/07/2024 13:55:49,18/07/2024 14:32:21
proj909,team19,stg,EMEA,21/02/2024,2266,Failure,19/07/2024 14:13:02,19/07/2024 14:26:54
proj217,team10,prod,APAC,02/03/2024,3101,Success,20/07/2024 13:46:26,20/07/2024 14:18:28
proj7,team4,dev,EMEA,21/05/2024,1207,Success,27/06/2024 14:10:28,27/06/2024 14:29:55
proj83,team13,stg,EMEA,13/06/2024,1434,Success,28/06/2024 13:06:19,28/06/2024 14:04:26
proj29,team14,stg,AMER,05/02/2024,1997,Success,29/06/2024 13:59:36,29/06/2024 14:09:45
proj236,team15,stg,EMEA,17/03/2024,2137,Failure,30/06/2024 13:36:56,30/06/2024 13:42:32
proj123,team8,prod,APAC,20/02/2024,901,Success,01/07/2024 13:57:28,01/07/2024 14:23:03
proj096,team14,dev,APAC,04/03/2024,3958,Failure,02/07/2024 13:48:18,02/07/2024 14:08:38
proj863,team9,prod,AMER,13/06/2024,615,Success,03/07/2024 13:22:49,03/07/2024 13:53:01
proj7,team11,stg,AMER,11/03/2024,341,Failure,04/07/2024 13:29:52,04/07/2024 13:37:39
proj60,team11,dev,AMER,09/04/2024,1972,Success,05/07/2024 14:15:16,05/07/2024 14:33:15
proj101,team2,prod,APAC,20/01/2024,2357,Failure,06/07/2024 13:40:54,06/07/2024 13:58:01
proj0,team20,stg,EMEA,29/01/2024,2928,Success,07/07/2024 14:06:03,07/07/2024 14:24:56
proj02,team8,dev,AMER,02/05/2024,1667,Success,08/07/2024 13:07:28,08/07/2024 14:03:39
proj407,team16,prod,APAC,25/01/2024,3568,Success,09/07/2024 13:44:34,09/07/2024 14:13:39
proj791,team12,dev,APAC,16/03/2024,734,Failure,10/07/2024 13:25:18,10/07/2024 14:03:48
proj26,team3,dev,APAC,29/01/2024,3830,Failure,11/07/2024 13:12:09,11/07/2024 13:40:38
proj2,team4,stg,EMEA,09/04/2024,3179,Failure,12/07/2024 13:53:34,12/07/2024 14:33:46
proj82,team11,prod,EMEA,14/05/2024,3166,Failure,13/07/2024 13:31:05,13/07/2024 13:34:44
proj251,team11,prod,AMER,13/02/2024,3532,Failure,14/07/2024 13:24:18,14/07/2024 13:35:29
proj85,team7,dev,APAC,15/04/2024,516,Success,15/07/2024 13:12:10,15/07/2024 14:10:30
proj90,team12,stg,APAC,21/06/2024,1521,Failure,16/07/2024 13:30:52,16/07/2024 14:23:11
proj2,team8,dev,APAC,07/05/2024,2326,Failure,17/07/2024 13:46:36,17/07/2024 14:24:59
proj9,team17,stg,APAC,13/05/2024,3267,Success,18/07/2024 13:20:01,18/07/2024 14:13:38
proj26,team10,stg,EMEA,16/05/2024,3707,Success,19/07/2024 13:41:47,19/07/2024 14:25:23
proj78,team8,prod,AMER,22/04/2024,2421,Failure,20/07/2024 13:45:59,20/07/2024 14:15:21
proj840,team16,stg,AMER,20/04/2024,3993,Failure,27/06/2024 13:21:54,27/06/2024 14:10:01
proj2,team3,stg,AMER,30/01/2024,3442,Success,28/06/2024 14:06:54,28/06/2024 14:24:42
proj159,team3,prod,EMEA,06/04/2024,3844,Success,29/06/2024 13:01:34,29/06/2024 13:36:05
proj854,team14,prod,AMER,17/01/2024,555,Success,30/06/2024 13:19:49,30/06/2024 14:15:17
proj40,team11,dev,EMEA,04/07/2024,1423,Failure,01/07/2024 12:46:32,01/07/2024 13:41:05
proj23,team17,prod,EMEA,27/05/2024,2650,Success,02/07/2024 13:34:47,02/07/2024 13:38:58
proj89,team12,dev,EMEA,29/04/2024,3339,Success,03/07/2024 12:53:53,03/07/2024 13:46:44
proj499,team19,prod,APAC,10/05/2024,3697,Success,04/07/2024 13:08:26,04/07/2024 13:58:29
proj5,team7,prod,AMER,15/05/2024,1041,Failure,05/07/2024 13:50:54,05/07/2024 14:19:52
proj155,team3,prod,AMER,22/01/2024,2180,Success,06/07/2024 13:48:49,06/07/2024 14:03:47
proj119,team1,prod,EMEA,08/02/2024,627,Success,07/07/2024 13:41:56,07/07/2024 14:11:29
proj171,team2,dev,APAC,07/07/2024,1842,Success,08/07/2024 12:49:43,08/07/2024 13:35:09
proj147,team14,stg,EMEA,28/02/2024,1938,Failure,09/07/2024 12:50:55,09/07/2024 13:44:49
proj768,team2,prod,APAC,25/04/2024,916,Success,10/07/2024 13:09:21,10/07/2024 13:46:34
proj2,team5,prod,AMER,01/03/2024,516,Success,11/07/2024 12:47:56,11/07/2024 13:36:30
proj8,team17,stg,AMER,02/03/2024,2494,Success,12/07/2024 13:25:09,12/07/2024 13:58:47
proj63,team15,prod,AMER,31/05/2024,1457,Failure,13/07/2024 13:29:57,13/07/2024 13:50:00
proj847,team5,stg,AMER,30/01/2024,3117,Success,14/07/2024 13:51:09,14/07/2024 14:10:07
proj657,team9,stg,EMEA,08/05/2024,3492,Success,15/07/2024 12:53:56,15/07/2024 13:39:02
proj90,team8,prod,APAC,18/05/2024,2207,Failure,16/07/2024 13:06:18,16/07/2024 13:59:11
proj1,team6,dev,APAC,11/07/2024,208,Success,17/07/2024 13:07:46,17/07/2024 13:46:12
proj738,team6,prod,EMEA,29/03/2024,1203,Success,18/07/2024 14:09:19,18/07/2024 14:22:26
proj1,team4,stg,EMEA,22/02/2024,1612,Success,19/07/2024 13:40:50,19/07/2024 14:07:50
proj34,team17,stg,AMER,21/03/2024,1407,Success,20/07/2024 13:46:08,20/07/2024 13:58:53
proj557,team18,dev,EMEA,03/06/2024,1014,Failure,27/06/2024 14:10:34,27/06/2024 14:22:18
proj37,team3,dev,AMER,17/06/2024,886,Success,28/06/2024 13:25:29,28/06/2024 13:39:42
proj6,team20,prod,EMEA,01/01/2024,429,Success,29/06/2024 13:47:24,29/06/2024 14:13:00
proj10,team4,prod,AMER,13/01/2024,3416,Success,30/06/2024 13:52:13,30/06/2024 14:10:03
proj25,team15,dev,AMER,20/01/2024,1807,Failure,01/07/2024 12:59:01,01/07/2024 13:39:42
proj6,team20,stg,APAC,06/03/2024,1815,Success,02/07/2024 13:45:07,02/07/2024 14:01:26
proj02,team20,dev,AMER,18/01/2024,2096,Success,03/07/2024 13:42:29,03/07/2024 14:06:49
proj69,team15,prod,APAC,01/03/2024,3221,Failure,04/07/2024 13:35:59,04/07/2024 14:03:31
proj693,team18,stg,AMER,23/05/2024,712,Failure,05/07/2024 13:35:04,05/07/2024 13:52:07
proj4,team15,dev,AMER,27/02/2024,1731,Success,06/07/2024 14:20:42,06/07/2024 14:20:57
proj067,team4,prod,APAC,21/06/2024,234,Success,07/07/2024 13:44:21,07/07/2024 14:15:10
proj19,team15,stg,EMEA,02/01/2024,1059,Success,08/07/2024 12:51:26,08/07/2024 13:34:25
proj678,team18,stg,EMEA,16/01/2024,3092,Failure,09/07/2024 13:39:45,09/07/2024 14:24:58
proj1,team9,stg,APAC,03/07/2024,571,Success,10/07/2024 13:56:51,10/07/2024 14:24:29
proj86,team9,prod,APAC,13/02/2024,2436,Failure,11/07/2024 13:07:47,11/07/2024 13:38:33
proj154,team4,dev,EMEA,29/03/2024,893,Success,12/07/2024 13:27:28,12/07/2024 14:00:15
proj85,team6,prod,EMEA,06/04/2024,1615,Success,13/07/2024 14:01:18,13/07/2024 14:23:38
proj87,team8,stg,EMEA,05/03/2024,31,Success,14/07/2024 13:58:32,14/07/2024 14:02:09
proj218,team19,prod,AMER,14/05/2024,2854,Failure,15/07/2024 13:46:09,15/07/2024 13:54:39
proj8,team9,stg,EMEA,12/05/2024,2387,Failure,16/07/2024 13:58:52,16/07/2024 14:08:09
proj984,team4,dev,EMEA,26/02/2024,3092,Failure,17/07/2024 13:12:16,17/07/2024 13:46:16
proj1,team10,prod,EMEA,26/04/2024,389,Success,18/07/2024 13:41:12,18/07/2024 14:12:18
proj1,team6,prod,APAC,18/02/2024,738,Failure,19/07/2024 12:48:06,19/07/2024 13:40:44
proj34,team1,stg,AMER,15/06/2024,2765,Success,20/07/2024 13:32:24,20/07/2024 13:53:23
proj8,team18,stg,EMEA,23/02/2024,2871,Success,27/06/2024 13:57:09,27/06/2024 14:23:10
proj41,team19,prod,APAC,01/07/2024,1647,Failure,28/06/2024 13:45:23,28/06/2024 14:31:34
proj8,team1,stg,APAC,29/04/2024,3421,Failure,29/06/2024 13:43:44,29/06/2024 13:49:09
proj0,team20,prod,EMEA,26/01/2024,2465,Failure,30/06/2024 13:15:06,30/06/2024 13:36:59
proj59,team12,prod,EMEA,02/07/2024,3430,Failure,01/07/2024 13:44:41,01/07/2024 14:07:37
proj52,team20,dev,APAC,30/03/2024,3427,Success,02/07/2024 13:25:38,02/07/2024 13:35:05
proj9,team18,prod,AMER,04/01/2024,3422,Success,03/07/2024 13:46:46,03/07/2024 14:00:23
proj54,team5,stg,EMEA,04/01/2024,113,Success,04/07/2024 14:00:25,04/07/2024 14:26:41
proj12,team7,dev,APAC,09/01/2024,260,Success,05/07/2024 13:12:31,05/07/2024 13:49:00
proj869,team10,dev,AMER,04/05/2024,1919,Failure,06/07/2024 13:26:39,06/07/2024 14:25:00
proj429,team19,prod,AMER,14/02/2024,3146,Failure,07/07/2024 12:48:19,07/07/2024 13:48:59
proj80,team6,dev,AMER,20/05/2024,2587,Failure,08/07/2024 13:43:54,08/07/2024 14:12:32
proj9,team17,stg,AMER,03/01/2024,2507,Failure,09/07/2024 13:55:11,09/07/2024 14:17:31
proj756,team8,stg,AMER,14/02/2024,1721,Success,10/07/2024 13:21:45,10/07/2024 13:49:10
proj241,team15,prod,AMER,26/04/2024,3941,Success,11/07/2024 13:18:08,11/07/2024 14:15:06
proj77,team9,prod,APAC,02/02/2024,52,Success,12/07/2024 13:43:45,12/07/2024 13:56:23
proj189,team9,stg,EMEA,19/03/2024,1689,Failure,13/07/2024 13:59:19,13/07/2024 14:08:14
proj1,team3,prod,APAC,09/06/2024,578,Success,14/07/2024 14:02:27,14/07/2024 14:18:56
proj5,team7,prod,EMEA,26/01/2024,1834,Success,15/07/2024 13:14:55,15/07/2024 14:04:09
proj91,team19,dev,EMEA,12/06/2024,2266,Failure,16/07/2024 13:15:43,16/07/2024 13:36:06
proj40,team20,stg,EMEA,23/05/2024,3637,Success,17/07/2024 14:06:51,17/07/2024 14:25:50
proj15,team1,prod,APAC,03/01/2024,1482,Success,18/07/2024 13:20:03,18/07/2024 13:38:45
proj150,team12,stg,AMER,15/06/2024,2948,Failure,19/07/2024 14:23:30,19/07/2024 14:23:43
proj285,team2,dev,AMER,06/06/2024,1532,Failure,20/07/2024 14:00:28,20/07/2024 14:01:21
proj99,team5,stg,AMER,13/03/2024,449,Failure,02/07/2024 14:21:30,02/07/2024 14:28:28
proj97,team2,dev,APAC,12/01/2024,2685,Failure,03/07/2024 13:54:18,03/07/2024 14:13:52
proj6,team16,stg,APAC,01/05/2024,2523,Failure,04/07/2024 13:31:39,04/07/2024 13:49:05
proj524,team2,prod,EMEA,09/01/2024,2011,Failure,05/07/2024 13:21:21,05/07/2024 14:05:39
proj82,team1,prod,APAC,23/05/2024,3058,Failure,06/07/2024 14:02:13,06/07/2024 14:28:13
proj3,team8,dev,APAC,09/06/2024,1701,Success,07/07/2024 13:36:42,07/07/2024 14:03:14
proj7,team5,prod,EMEA,20/01/2024,817,Success,08/07/2024 13:06:05,08/07/2024 13:43:03
proj94,team18,prod,APAC,01/03/2024,2543,Success,09/07/2024 14:00:12,09/07/2024 14:08:33
proj1,team11,prod,APAC,10/03/2024,3087,Success,10/07/2024 13:45:32,10/07/2024 13:51:44
proj334,team17,stg,EMEA,01/06/2024,1336,Failure,11/07/2024 13:46:21,11/07/2024 14:29:57
proj38,team18,stg,EMEA,11/05/2024,2061,Failure,12/07/2024 13:58:58,12/07/2024 14:32:12
proj287,team14,stg,EMEA,17/02/2024,2418,Success,13/07/2024 13:13:16,13/07/2024 13:52:05
proj1,team9,stg,AMER,04/03/2024,3758,Success,14/07/2024 13:52:49,14/07/2024 13:57:21
proj5,team12,stg,AMER,12/04/2024,3937,Success,15/07/2024 13:51:46,15/07/2024 13:53:31
proj075,team9,stg,AMER,29/05/2024,3509,Failure,16/07/2024 13:52:56,16/07/2024 14:33:11
proj7,team12,stg,AMER,06/06/2024,3989,Success,17/07/2024 13:21:29,17/07/2024 13:35:29
proj471,team8,dev,EMEA,06/03/2024,2271,Success,18/07/2024 13:28:47,18/07/2024 13:34:58
proj815,team1,prod,EMEA,03/03/2024,1490,Failure,19/07/2024 13:59:36,19/07/2024 14:00:24
proj8,team9,prod,EMEA,05/04/2024,2358,Success,20/07/2024 14:06:00,20/07/2024 14:27:13
proj864,team10,stg,EMEA,28/01/2024,1705,Failure,27/06/2024 13:18:38,27/06/2024 13:43:40
proj12,team14,dev,AMER,03/01/2024,573,Failure,28/06/2024 13:29:51,28/06/2024 13:55:42
proj7,team4,stg,AMER,30/01/2024,967,Success,29/06/2024 13:36:55,29/06/2024 14:31:07
proj7,team3,dev,APAC,16/03/2024,496,Failure,30/06/2024 14:20:43,30/06/2024 14:25:47
proj3,team16,stg,AMER,19/05/2024,217,Failure,01/07/2024 13:40:22,01/07/2024 14:01:40
proj491,team3,dev,AMER,08/04/2024,367,Failure,02/07/2024 13:26:13,02/07/2024 13:34:09
proj001,team4,stg,AMER,06/05/2024,2839,Failure,03/07/2024 13:35:52,03/07/2024 14:07:04
proj270,team19,stg,APAC,14/06/2024,1140,Success,04/07/2024 13:22:29,04/07/2024 14:00:32
proj5,team6,dev,AMER,06/01/2024,617,Failure,05/07/2024 13:42:35,05/07/2024 14:15:03
proj64,team9,stg,APAC,17/06/2024,3618,Failure,06/07/2024 14:11:44,06/07/2024 14:26:16
proj3,team20,prod,EMEA,04/01/2024,2316,Success,07/07/2024 13:13:07,07/07/2024 13:49:37
proj89,team15,dev,AMER,08/07/2024,3422,Success,08/07/2024 13:38:29,08/07/2024 13:59:20
proj7,team8,dev,AMER,22/02/2024,2317,Failure,09/07/2024 13:02:55,09/07/2024 13:58:21
proj72,team4,prod,EMEA,15/01/2024,3821,Success,10/07/2024 13:19:45,10/07/2024 13:40:02
proj336,team1,prod,APAC,18/04/2024,1958,Success,11/07/2024 13:27:44,11/07/2024 13:54:07
proj217,team2,dev,APAC,29/03/2024,2402,Failure,12/07/2024 13:31:04,12/07/2024 13:57:29
proj58,team6,dev,APAC,30/01/2024,3504,Success,13/07/2024 13:51:38,13/07/2024 14:33:52
proj8,team15,dev,APAC,24/06/2024,2782,Failure,14/07/2024 13:45:53,14/07/2024 14:15:29
proj305,team9,dev,AMER,27/04/2024,2869,Success,15/07/2024 14:07:54,15/07/2024 14:26:54
proj51,team2,dev,EMEA,11/02/2024,3090,Failure,16/07/2024 13:34:24,16/07/2024 14:19:54
proj2,team17,stg,AMER,04/04/2024,233,Failure,17/07/2024 13:35:42,17/07/2024 14:21:19
proj851,team18,dev,APAC,10/02/2024,3323,Success,18/07/2024 13:40:14,18/07/2024 13:42:22
proj960,team3,stg,EMEA,13/06/2024,3952,Success,19/07/2024 14:21:12,19/07/2024 14:23:45
proj448,team14,prod,APAC,19/01/2024,3451,Success,20/07/2024 13:57:28,20/07/2024 14:03:20
proj10,team17,prod,APAC,16/03/2024,2764,Success,27/06/2024 13:27:09,27/06/2024 14:25:08
proj227,team17,stg,APAC,15/05/2024,3678,Failure,28/06/2024 13:06:24,28/06/2024 13:51:58
proj183,team2,stg,APAC,14/03/2024,1173,Failure,29/06/2024 13:20:36,29/06/2024 13:40:18
proj680,team1,stg,EMEA,21/03/2024,1362,Success,30/06/2024 13:09:44,30/06/2024 13:38:40
proj2,team9,prod,APAC,23/01/2024,2669,Failure,01/07/2024 13:25:38,01/07/2024 14:12:59
proj6,team6,prod,APAC,23/02/2024,3139,Failure,02/07/2024 13:10:04,02/07/2024 13:58:26
proj6,team14,stg,EMEA,14/04/2024,1011,Failure,03/07/2024 13:25:20,03/07/2024 13:52:09
proj0,team4,stg,APAC,02/03/2024,1944,Failure,04/07/2024 12:55:02,04/07/2024 13:49:15
proj19,team9,dev,APAC,25/04/2024,1671,Success,05/07/2024 13:25:05,05/07/2024 13:47:52
proj1,team9,stg,EMEA,05/06/2024,2836,Success,06/07/2024 13:13:15,06/07/2024 14:11:56
proj822,team9,dev,APAC,02/06/2024,686,Success,07/07/2024 13:20:04,07/07/2024 13:58:59
proj94,team3,dev,EMEA,26/06/2024,1758,Failure,08/07/2024 14:12:03,08/07/2024 14:22:23
proj1,team1,stg,EMEA,25/05/2024,2019,Failure,09/07/2024 12:56:34,09/07/2024 13:51:03
proj202,team17,prod,AMER,28/01/2024,1720,Failure,10/07/2024 13:34:19,10/07/2024 14:26:45
proj081,team19,dev,EMEA,02/05/2024,1178,Failure,11/07/2024 12:47:48,11/07/2024 13:47:15
proj768,team15,stg,EMEA,27/05/2024,3632,Success,12/07/2024 14:17:18,12/07/2024 14:19:20
proj46,team8,prod,EMEA,04/05/2024,1578,Failure,13/07/2024 12:53:16,13/07/2024 13:44:16
proj8,team2,stg,APAC,12/06/2024,1151,Success,14/07/2024 13:35:04,14/07/2024 14:30:24
proj99,team15,prod,APAC,26/06/2024,1543,Failure,15/07/2024 13:48:08,15/07/2024 14:33:56
proj56,team3,stg,AMER,23/04/2024,872,Failure,16/07/2024 13:43:55,16/07/2024 13:59:36
proj6,team15,prod,EMEA,05/07/2024,948,Failure,17/07/2024 12:56:59,17/07/2024 13:48:47
proj6,team6,prod,EMEA,07/07/2024,2312,Success,18/07/2024 13:40:59,18/07/2024 14:03:08
proj90,team18,prod,APAC,25/01/2024,282,Success,19/07/2024 13:13:07,19/07/2024 13:39:15
proj5,team7,prod,EMEA,01/04/2024,2663,Success,20/07/2024 14:00:49,20/07/2024 14:16:56
proj2,team1,stg,APAC,13/02/2024,643,Failure,27/06/2024 13:46:59,27/06/2024 14:14:40
proj120,team10,dev,EMEA,27/03/2024,3432,Failure,28/06/2024 13:27:00,28/06/2024 14:13:42
proj4,team1,stg,EMEA,09/04/2024,3802,Success,29/06/2024 13:30:10,29/06/2024 13:38:59
proj06,team15,stg,AMER,10/07/2024,2549,Success,30/06/2024 13:47:08,30/06/2024 14:26:02
proj340,team20,stg,APAC,12/01/2024,84,Failure,01/07/2024 14:10:38,01/07/2024 14:20:19
proj3,team20,stg,EMEA,08/01/2024,2757,Success,02/07/2024 13:38:37,02/07/2024 13:52:30
proj45,team8,dev,EMEA,14/06/2024,566,Success,03/07/2024 13:11:27,03/07/2024 13:48:43
proj66,team10,prod,AMER,21/05/2024,2916,Failure,04/07/2024 13:06:41,04/07/2024 13:54:38
proj79,team6,stg,EMEA,17/03/2024,486,Failure,05/07/2024 13:24:15,05/07/2024 13:42:17
proj2,team10,stg,AMER,14/02/2024,189,Success,06/07/2024 13:14:07,06/07/2024 13:44:58
proj917,team3,dev,EMEA,16/06/2024,446,Failure,07/07/2024 13:20:06,07/07/2024 13:38:41
proj85,team10,dev,EMEA,10/05/2024,3307,Failure,08/07/2024 13:44:04,08/07/2024 13:46:25
proj141,team6,stg,EMEA,12/03/2024,1179,Success,09/07/2024 13:26:03,09/07/2024 13:49:29
proj425,team4,dev,APAC,28/02/2024,2523,Success,10/07/2024 13:18:15,10/07/2024 13:52:29
proj94,team10,dev,AMER,04/02/2024,2335,Failure,11/07/2024 13:35:41,11/07/2024 14:03:12
proj58,team5,dev,APAC,31/01/2024,2113,Success,12/07/2024 12:55:45,12/07/2024 13:51:59
proj2,team14,stg,APAC,09/07/2024,3960,Failure,13/07/2024 14:07:50,13/07/2024 14:16:25
proj3,team17,prod,EMEA,13/01/2024,1433,Failure,14/07/2024 13:46:25,14/07/2024 14:31:20
proj26,team5,dev,AMER,17/05/2024,2368,Success,15/07/2024 13:50:11,15/07/2024 13:51:52
proj35,team6,prod,AMER,29/03/2024,2697,Success,16/07/2024 13:43:01,16/07/2024 14:20:20
proj66,team16,prod,AMER,28/05/2024,3299,Failure,17/07/2024 13:16:27,17/07/2024 13:59:51
proj8,team18,stg,EMEA,01/02/2024,2566,Success,18/07/2024 13:32:01,18/07/2024 14:01:15
proj9,team8,dev,APAC,01/01/2024,3021,Success,19/07/2024 13:21:26,19/07/2024 13:42:46
proj9,team14,dev,EMEA,18/02/2024,1061,Success,20/07/2024 13:41:07,20/07/2024 13:54:37
proj198,team7,dev,APAC,05/04/2024,209,Success,27/06/2024 13:35:21,27/06/2024 14:02:32
proj865,team16,stg,APAC,02/04/2024,3032,Failure,28/06/2024 13:49:05,28/06/2024 14:04:34
proj6,team4,prod,APAC,30/06/2024,536,Success,29/06/2024 13:44:46,29/06/2024 14:31:20
proj617,team11,dev,AMER,12/03/2024,1175,Failure,30/06/2024 13:47:56,30/06/2024 14:07:42
proj6,team18,stg,AMER,07/05/2024,3533,Success,01/07/2024 13:44:18,01/07/2024 14:03:46
proj620,team3,stg,EMEA,09/04/2024,3557,Success,02/07/2024 12:58:20,02/07/2024 13:55:43
proj1,team15,dev,AMER,30/01/2024,2811,Failure,03/07/2024 13:04:59,03/07/2024 13:39:35
proj601,team4,prod,AMER,01/03/2024,643,Success,04/07/2024 13:14:55,04/07/2024 14:02:23
proj4,team18,stg,EMEA,29/04/2024,720,Failure,05/07/2024 13:52:00,05/07/2024 14:28:15
proj56,team1,prod,APAC,27/03/2024,2917,Failure,06/07/2024 14:06:10,06/07/2024 14:12:49
proj584,team11,stg,APAC,08/03/2024,254,Failure,07/07/2024 13:36:15,07/07/2024 13:58:05
proj4,team2,prod,APAC,16/01/2024,3559,Success,08/07/2024 14:03:07,08/07/2024 14:16:17
proj58,team11,prod,APAC,02/03/2024,3548,Failure,09/07/2024 14:04:48,09/07/2024 14:09:40
proj490,team4,prod,APAC,29/02/2024,3701,Success,10/07/2024 13:50:56,10/07/2024 14:21:49
proj8,team15,prod,AMER,29/02/2024,3441,Failure,11/07/2024 14:16:24,11/07/2024 14:25:21
proj36,team19,stg,APAC,28/01/2024,1704,Success,12/07/2024 13:28:33,12/07/2024 13:59:54
proj786,team4,prod,APAC,08/01/2024,2976,Success,13/07/2024 13:45:38,13/07/2024 14:01:00
proj473,team12,dev,EMEA,28/05/2024,83,Failure,14/07/2024 14:02:35,14/07/2024 14:06:47
proj5,team11,stg,EMEA,15/02/2024,310,Failure,15/07/2024 13:32:19,15/07/2024 14:24:16
proj559,team10,stg,AMER,21/03/2024,411,Success,16/07/2024 13:40:03,16/07/2024 14:32:45
proj21,team20,stg,APAC,13/03/2024,347,Failure,17/07/2024 12:59:15,17/07/2024 13:58:55
proj8,team9,stg,AMER,09/03/2024,1918,Failure,18/07/2024 13:55:34,18/07/2024 14:30:47
proj4,team4,prod,EMEA,05/03/2024,1270,Failure,19/07/2024 12:56:44,19/07/2024 13:53:59
proj7,team8,stg,EMEA,18/05/2024,503,Success,20/07/2024 12:53:08,20/07/2024 13:52:42
proj77,team5,dev,APAC,22/06/2024,1288,Success,27/06/2024 13:40:33,27/06/2024 13:59:23
proj9,team1,stg,EMEA,30/06/2024,2584,Success,28/06/2024 13:34:09,28/06/2024 13:54:54
proj040,team6,dev,APAC,19/01/2024,2682,Failure,29/06/2024 13:24:19,29/06/2024 13:39:21
proj543,team17,prod,EMEA,20/02/2024,3446,Failure,30/06/2024 13:39:41,30/06/2024 14:31:14
proj40,team11,prod,AMER,15/04/2024,1435,Success,01/07/2024 13:14:11,01/07/2024 13:34:13
proj17,team5,stg,EMEA,17/03/2024,2911,Success,02/07/2024 13:36:06,02/07/2024 13:56:57
proj29,team19,dev,AMER,25/01/2024,1488,Success,03/07/2024 12:59:45,03/07/2024 13:43:21
proj6,team10,dev,EMEA,03/07/2024,1176,Failure,04/07/2024 13:47:03,04/07/2024 14:23:46
proj379,team13,prod,AMER,17/03/2024,3535,Success,05/07/2024 13:36:22,05/07/2024 14:28:58
proj54,team3,prod,EMEA,03/05/2024,2675,Success,06/07/2024 12:37:12,06/07/2024 13:34:46
proj933,team19,stg,APAC,16/03/2024,3993,Failure,07/07/2024 14:02:39,07/07/2024 14:09:44
proj9,team15,dev,AMER,27/06/2024,1744,Failure,08/07/2024 13:16:23,08/07/2024 14:06:12
proj235,team3,prod,AMER,04/04/2024,555,Success,09/07/2024 13:34:00,09/07/2024 13:44:27
proj548,team19,stg,APAC,03/07/2024,968,Success,10/07/2024 13:31:44,10/07/2024 14:15:52
proj05,team19,dev,EMEA,21/06/2024,1093,Success,11/07/2024 14:03:46,11/07/2024 14:25:44
proj4,team1,dev,AMER,16/06/2024,2966,Success,12/07/2024 13:30:34,12/07/2024 14:20:00
proj7,team3,dev,EMEA,31/05/2024,2218,Success,13/07/2024 14:07:41,13/07/2024 14:23:28
proj247,team9,dev,APAC,29/05/2024,679,Failure,14/07/2024 13:49:05,14/07/2024 14:25:06
proj715,team15,stg,EMEA,11/05/2024,3162,Success,15/07/2024 13:29:23,15/07/2024 14:02:44
proj661,team9,prod,EMEA,16/04/2024,2578,Success,16/07/2024 13:27:18,16/07/2024 13:54:44
proj19,team3,prod,EMEA,29/03/2024,1983,Failure,17/07/2024 13:45:07,17/07/2024 14:19:30
proj998,team11,dev,APAC,03/02/2024,2278,Success,18/07/2024 13:20:35,18/07/2024 14:04:59
proj0,team15,dev,APAC,12/03/2024,2280,Success,19/07/2024 13:14:58,19/07/2024 14:11:13
proj0,team6,prod,EMEA,12/02/2024,2800,Failure,20/07/2024 13:28:53,20/07/2024 13:54:29
proj7,team14,stg,AMER,19/04/2024,1409,Failure,27/06/2024 13:35:17,27/06/2024 14:27:26
proj380,team3,dev,EMEA,03/03/2024,3226,Success,28/06/2024 13:30:04,28/06/2024 14:19:30
proj438,team4,dev,AMER,17/05/2024,84,Success,29/06/2024 13:28:14,29/06/2024 13:44:02
proj127,team10,stg,AMER,09/07/2024,2356,Failure,30/06/2024 13:49:23,30/06/2024 14:00:40
proj6,team13,stg,EMEA,28/04/2024,2509,Failure,01/07/2024 13:16:05,01/07/2024 14:15:44
proj17,team3,dev,EMEA,04/07/2024,274,Success,02/07/2024 13:18:59,02/07/2024 13:54:56
proj077,team18,stg,APAC,24/01/2024,1420,Success,03/07/2024 13:35:24,03/07/2024 13:46:46
proj1,team1,stg,AMER,11/05/2024,632,Success,04/07/2024 13:06:59,04/07/2024 13:47:50
proj4,team17,prod,APAC,25/01/2024,2194,Failure,05/07/2024 13:30:09,05/07/2024 14:18:06
proj2,team6,dev,APAC,16/04/2024,1499,Failure,06/07/2024 13:09:25,06/07/2024 13:47:14
proj28,team19,stg,EMEA,26/01/2024,2993,Failure,07/07/2024 14:06:20,07/07/2024 14:24:44
proj7,team17,dev,APAC,07/03/2024,2255,Success,08/07/2024 12:45:13,08/07/2024 13:36:05
proj89,team3,stg,EMEA,31/03/2024,942,Success,09/07/2024 14:10:38,09/07/2024 14:13:48
proj074,team5,dev,EMEA,08/03/2024,562,Failure,10/07/2024 14:26:24,10/07/2024 14:29:06
proj72,team18,dev,EMEA,21/01/2024,3636,Failure,11/07/2024 13:33:03,11/07/2024 14:20:55
proj0,team20,prod,APAC,05/03/2024,2702,Failure,12/07/2024 14:32:35,12/07/2024 14:32:29
proj6,team13,prod,EMEA,20/01/2024,2998,Failure,13/07/2024 13:34:41,13/07/2024 14:26:29
proj992,team18,stg,APAC,14/03/2024,765,Failure,14/07/2024 13:06:31,14/07/2024 13:58:03
proj2,team17,prod,EMEA,11/02/2024,2153,Failure,15/07/2024 12:51:42,15/07/2024 13:38:03
proj304,team5,prod,EMEA,26/04/2024,1442,Success,16/07/2024 13:37:11,16/07/2024 13:57:25
proj31,team12,dev,EMEA,05/05/2024,2272,Success,17/07/2024 12:44:43,17/07/2024 13:40:11
proj3,team2,stg,EMEA,21/03/2024,3845,Success,18/07/2024 13:40:39,18/07/2024 14:24:39
proj9,team8,dev,EMEA,04/02/2024,1171,Failure,19/07/2024 13:34:46,19/07/2024 14:29:32
proj7,team9,dev,AMER,19/01/2024,484,Failure,20/07/2024 13:18:30,20/07/2024 14:05:17
proj13,team16,stg,APAC,06/07/2024,2762,Success,02/07/2024 13:34:17,02/07/2024 13:36:32
proj6,team9,dev,AMER,21/05/2024,3318,Failure,03/07/2024 13:19:35,03/07/2024 13:38:20
proj56,team14,stg,EMEA,29/05/2024,3194,Success,04/07/2024 13:19:54,04/07/2024 13:45:01
proj19,team11,prod,AMER,26/03/2024,1467,Success,05/07/2024 13:05:39,05/07/2024 13:37:35
proj0,team6,prod,EMEA,18/02/2024,122,Failure,06/07/2024 13:01:44,06/07/2024 14:01:21
proj473,team11,prod,APAC,19/05/2024,2110,Failure,07/07/2024 12:46:52,07/07/2024 13:42:53
proj4,team12,stg,APAC,12/04/2024,1787,Failure,08/07/2024 13:34:14,08/07/2024 14:09:37
proj8,team17,dev,EMEA,25/02/2024,3239,Failure,09/07/2024 13:12:10,09/07/2024 13:53:13
proj5,team13,prod,AMER,04/01/2024,3269,Failure,10/07/2024 14:03:22,10/07/2024 14:25:29
proj6,team1,stg,APAC,09/04/2024,3751,Success,11/07/2024 14:13:17,11/07/2024 14:32:59
proj714,team2,stg,AMER,26/06/2024,2306,Failure,12/07/2024 13:26:07,12/07/2024 14:02:16
proj34,team5,dev,APAC,01/05/2024,326,Failure,13/07/2024 14:07:53,13/07/2024 14:10:06
proj600,team7,prod,EMEA,16/03/2024,1329,Success,14/07/2024 13:56:55,14/07/2024 14:10:01
proj0,team9,dev,AMER,25/05/2024,2732,Failure,15/07/2024 13:00:20,15/07/2024 13:36:48
proj483,team18,stg,AMER,14/06/2024,125,Success,16/07/2024 14:18:31,16/07/2024 14:27:49
proj24,team1,stg,APAC,20/01/2024,250,Failure,17/07/2024 14:16:40,17/07/2024 14:33:17
proj1,team16,dev,AMER,03/03/2024,1192,Failure,18/07/2024 13:25:17,18/07/2024 13:45:31
proj0,team18,dev,APAC,22/06/2024,3442,Success,19/07/2024 14:00:51,19/07/2024 14:05:37
proj8,team1,stg,EMEA,01/02/2024,3761,Success,20/07/2024 13:20:14,20/07/2024 14:12:06
proj6,team12,stg,EMEA,21/06/2024,1755,Failure,27/06/2024 13:53:02,27/06/2024 14:09:10
proj076,team11,prod,EMEA,27/01/2024,3266,Failure,28/06/2024 13:43:04,28/06/2024 14:24:32
proj625,team20,prod,APAC,16/04/2024,2344,Failure,29/06/2024 13:44:32,29/06/2024 14:28:01
proj59,team8,dev,APAC,13/01/2024,1538,Success,30/06/2024 12:51:30,30/06/2024 13:36:42
proj04,team16,stg,APAC,10/07/2024,2263,Success,01/07/2024 14:05:48,01/07/2024 14:17:29
proj8,team18,prod,AMER,07/07/2024,1783,Success,02/07/2024 13:32:52,02/07/2024 14:13:37
proj3,team15,dev,APAC,05/04/2024,3078,Failure,03/07/2024 12:56:10,03/07/2024 13:50:42
proj30,team14,dev,APAC,23/02/2024,2573,Success,04/07/2024 12:55:23,04/07/2024 13:48:12
proj912,team8,dev,APAC,27/03/2024,1194,Failure,05/07/2024 13:42:09,05/07/2024 13:50:23
proj46,team14,stg,AMER,14/03/2024,1199,Failure,06/07/2024 13:42:38,06/07/2024 14:13:25
proj87,team12,stg,APAC,16/06/2024,1222,Success,07/07/2024 12:46:04,07/07/2024 13:36:11
proj29,team15,stg,EMEA,28/04/2024,1441,Success,08/07/2024 14:12:54,08/07/2024 14:30:18
proj5,team7,prod,EMEA,13/05/2024,2830,Success,09/07/2024 13:22:25,09/07/2024 14:03:52
proj976,team15,stg,APAC,22/01/2024,898,Failure,10/07/2024 13:15:38,10/07/2024 13:50:50
proj3,team15,dev,AMER,15/06/2024,207,Failure,11/07/2024 13:41:28,11/07/2024 14:01:41
proj896,team3,dev,APAC,24/06/2024,2113,Failure,12/07/2024 13:45:50,12/07/2024 13:59:25
proj0,team14,stg,APAC,30/06/2024,2331,Failure,13/07/2024 13:17:05,13/07/2024 13:55:21
proj2,team3,prod,AMER,27/04/2024,3068,Failure,14/07/2024 13:15:23,14/07/2024 13:50:14
proj313,team2,prod,EMEA,05/07/2024,2279,Success,15/07/2024 13:43:51,15/07/2024 13:49:44
proj67,team6,dev,EMEA,25/04/2024,2948,Success,16/07/2024 13:35:36,16/07/2024 13:40:39
proj064,team18,prod,APAC,24/04/2024,1094,Failure,17/07/2024 13:42:45,17/07/2024 13:56:43
proj5,team15,dev,EMEA,20/03/2024,3589,Success,18/07/2024 12:46:04,18/07/2024 13:36:19
proj638,team3,prod,AMER,26/03/2024,369,Success,19/07/2024 13:35:09,19/07/2024 13:44:53
proj064,team5,prod,APAC,07/02/2024,829,Failure,20/07/2024 13:59:32,20/07/2024 14:27:44
proj5,team18,dev,APAC,22/05/2024,1051,Failure,27/06/2024 14:15:17,27/06/2024 14:21:32
proj58,team14,dev,APAC,24/06/2024,3874,Success,28/06/2024 13:18:36,28/06/2024 13:49:43
proj7,team7,prod,AMER,06/07/2024,3244,Failure,29/06/2024 13:14:55,29/06/2024 13:59:34
proj1,team18,stg,AMER,01/06/2024,3161,Success,30/06/2024 13:27:02,30/06/2024 13:58:49
proj5,team13,prod,AMER,13/06/2024,2382,Failure,01/07/2024 14:18:39,01/07/2024 14:31:58
proj400,team16,prod,EMEA,20/06/2024,2737,Failure,02/07/2024 13:29:04,02/07/2024 14:22:04
proj358,team15,stg,EMEA,31/03/2024,3422,Failure,03/07/2024 13:00:42,03/07/2024 13:47:37
proj6,team14,prod,AMER,31/03/2024,2239,Success,04/07/2024 12:53:10,04/07/2024 13:39:25
proj9,team8,dev,EMEA,23/06/2024,403,Failure,05/07/2024 13:54:00,05/07/2024 14:01:15
proj321,team18,prod,APAC,23/03/2024,658,Failure,06/07/2024 12:46:43,06/07/2024 13:39:04
proj8,team16,stg,EMEA,04/05/2024,627,Success,07/07/2024 13:40:52,07/07/2024 13:57:59
proj79,team11,dev,APAC,20/03/2024,2579,Success,08/07/2024 13:06:08,08/07/2024 13:49:30
proj160,team4,dev,AMER,10/07/2024,3181,Success,09/07/2024 13:42:00,09/07/2024 13:47:11
proj958,team18,dev,EMEA,19/01/2024,2929,Success,10/07/2024 13:28:32,10/07/2024 13:57:09
proj83,team9,dev,AMER,16/01/2024,2526,Failure,11/07/2024 14:01:14,11/07/2024 14:30:10
proj230,team3,stg,EMEA,23/04/2024,2308,Failure,12/07/2024 13:21:32,12/07/2024 13:50:42
proj163,team13,stg,APAC,30/05/2024,3733,Success,13/07/2024 13:16:48,13/07/2024 13:38:44
proj547,team8,stg,APAC,06/06/2024,2850,Failure,14/07/2024 13:39:28,14/07/2024 14:06:37
proj60,team10,dev,EMEA,17/01/2024,258,Success,15/07/2024 13:28:28,15/07/2024 14:20:04
proj1,team20,stg,AMER,18/06/2024,575,Failure,16/07/2024 13:50:10,16/07/2024 14:08:22
proj476,team18,stg,AMER,22/02/2024,1044,Success,17/07/2024 14:08:47,17/07/2024 14:09:20
proj26,team2,dev,APAC,19/06/2024,1770,Failure,18/07/2024 13:52:44,18/07/2024 14:16:53
proj470,team15,stg,APAC,24/02/2024,3970,Failure,19/07/2024 14:28:25,19/07/2024 14:30:43
proj7,team17,stg,AMER,30/04/2024,975,Failure,20/07/2024 13:18:10,20/07/2024 14:01:23
proj7,team20,prod,EMEA,09/02/2024,1514,Failure,27/06/2024 13:25:53,27/06/2024 14:05:42
proj1,team3,prod,AMER,29/06/2024,3002,Failure,28/06/2024 13:45:54,28/06/2024 13:59:15
proj721,team4,stg,EMEA,24/05/2024,669,Success,29/06/2024 14:08:43,29/06/2024 14:11:35
proj32,team6,dev,AMER,02/01/2024,3038,Success,30/06/2024 12:43:55,30/06/2024 13:38:15
proj57,team17,dev,APAC,19/04/2024,525,Success,01/07/2024 13:54:09,01/07/2024 13:57:20
proj43,team16,dev,EMEA,06/06/2024,2533,Success,02/07/2024 13:18:33,02/07/2024 13:47:20
proj967,team2,prod,AMER,03/04/2024,2808,Success,03/07/2024 13:33:31,03/07/2024 14:02:33
proj7,team5,stg,EMEA,15/03/2024,2479,Failure,04/07/2024 13:16:15,04/07/2024 14:09:03
proj51,team7,prod,EMEA,01/01/2024,2205,Success,05/07/2024 13:00:44,05/07/2024 13:47:00
proj6,team9,dev,EMEA,12/03/2024,1617,Success,06/07/2024 13:30:51,06/07/2024 13:48:40
proj5,team20,stg,EMEA,16/04/2024,1662,Failure,07/07/2024 13:52:08,07/07/2024 14:01:53
proj70,team3,dev,EMEA,12/03/2024,1361,Failure,08/07/2024 13:57:04,08/07/2024 13:59:17
proj0,team10,dev,AMER,19/03/2024,215,Success,09/07/2024 13:38:53,09/07/2024 13:42:02
proj2,team9,prod,APAC,12/01/2024,960,Failure,10/07/2024 13:03:35,10/07/2024 13:43:34
proj92,team7,stg,AMER,23/03/2024,3688,Failure,11/07/2024 13:56:55,11/07/2024 14:30:46
proj8,team5,stg,AMER,03/03/2024,1466,Failure,12/07/2024 14:10:44,12/07/2024 14:32:52
proj808,team9,dev,APAC,17/02/2024,845,Failure,13/07/2024 13:21:20,13/07/2024 13:54:28
proj0,team11,stg,APAC,18/03/2024,700,Success,14/07/2024 13:25:58,14/07/2024 13:54:17
proj118,team14,stg,APAC,08/06/2024,126,Failure,15/07/2024 13:24:42,15/07/2024 14:02:47
proj347,team19,stg,EMEA,13/03/2024,1728,Failure,16/07/2024 13:32:55,16/07/2024 14:26:21
proj0,team10,dev,EMEA,10/04/2024,981,Success,17/07/2024 13:21:25,17/07/2024 13:36:15
proj430,team17,prod,AMER,27/01/2024,1283,Failure,18/07/2024 13:36:51,18/07/2024 13:55:16
proj673,team6,dev,EMEA,03/01/2024,3628,Failure,19/07/2024 13:26:08,19/07/2024 13:45:50
proj085,team17,dev,APAC,09/02/2024,1988,Failure,20/07/2024 13:16:46,20/07/2024 14:06:32
proj3,team12,prod,APAC,30/01/2024,1817,Failure,27/06/2024 12:52:06,27/06/2024 13:45:27
proj85,team6,prod,AMER,29/06/2024,3798,Success,28/06/2024 13:12:33,28/06/2024 13:55:50
proj30,team7,dev,APAC,14/02/2024,2528,Failure,29/06/2024 13:39:36,29/06/2024 13:47:13
proj8,team18,dev,AMER,11/02/2024,3898,Success,30/06/2024 13:22:47,30/06/2024 13:34:09
proj069,team8,stg,AMER,14/01/2024,2564,Failure,01/07/2024 12:51:28,01/07/2024 13:51:17
proj91,team18,prod,AMER,30/03/2024,3830,Success,02/07/2024 14:10:37,02/07/2024 14:19:41
proj008,team5,prod,EMEA,29/01/2024,1466,Success,03/07/2024 13:13:27,03/07/2024 13:42:39
proj5,team14,stg,EMEA,25/06/2024,2658,Success,04/07/2024 13:25:36,04/07/2024 14:24:11
proj607,team19,dev,APAC,07/06/2024,911,Success,05/07/2024 14:01:32,05/07/2024 14:23:04
proj35,team1,prod,AMER,30/06/2024,3835,Failure,06/07/2024 13:20:25,06/07/2024 14:16:52
proj9,team11,dev,AMER,05/03/2024,2381,Failure,07/07/2024 13:26:55,07/07/2024 14:04:35
proj94,team6,stg,APAC,22/03/2024,369,Success,08/07/2024 13:02:51,08/07/2024 13:38:26
proj3,team3,prod,APAC,29/05/2024,552,Success,09/07/2024 14:08:00,09/07/2024 14:12:18
proj3,team18,prod,APAC,09/05/2024,77,Failure,10/07/2024 13:23:07,10/07/2024 13:34:06
proj8,team16,stg,AMER,28/01/2024,2086,Success,11/07/2024 13:02:48,11/07/2024 13:53:34
proj519,team14,stg,APAC,17/02/2024,887,Success,12/07/2024 13:29:34,12/07/2024 14:11:36
proj902,team17,prod,EMEA,12/02/2024,1462,Failure,13/07/2024 13:23:20,13/07/2024 13:40:40
proj30,team1,dev,EMEA,23/04/2024,279,Success,14/07/2024 12:48:24,14/07/2024 13:36:04
proj20,team2,stg,AMER,22/02/2024,2831,Success,15/07/2024 13:05:57,15/07/2024 14:02:41
proj7,team15,prod,APAC,28/06/2024,2182,Success,16/07/2024 13:04:59,16/07/2024 13:39:20
proj44,team13,stg,AMER,21/03/2024,29,Failure,17/07/2024 13:53:07,17/07/2024 14:16:34
proj1,team5,stg,AMER,16/01/2024,2842,Success,18/07/2024 13:47:25,18/07/2024 14:10:24
proj027,team8,prod,AMER,14/02/2024,3439,Success,19/07/2024 14:20:09,19/07/2024 14:24:23
proj01,team20,prod,EMEA,27/06/2024,721,Failure,20/07/2024 13:41:22,20/07/2024 13:52:03
proj6,team4,prod,APAC,22/01/2024,2546,Failure,27/06/2024 14:04:19,27/06/2024 14:33:27
proj310,team17,dev,EMEA,11/04/2024,3971,Success,28/06/2024 13:08:21,28/06/2024 13:42:11
proj80,team14,stg,EMEA,05/07/2024,1648,Failure,29/06/2024 13:24:19,29/06/2024 13:56:36
proj4,team19,stg,AMER,26/01/2024,2634,Failure,30/06/2024 13:10:02,30/06/2024 13:40:36
proj2,team4,prod,APAC,19/06/2024,3897,Success,01/07/2024 14:24:11,01/07/2024 14:29:58
proj245,team11,stg,EMEA,11/01/2024,3476,Success,02/07/2024 13:21:37,02/07/2024 13:39:28
proj9,team8,stg,EMEA,04/05/2024,3880,Success,03/07/2024 13:33:42,03/07/2024 14:12:35
proj5,team14,dev,EMEA,19/05/2024,1137,Failure,04/07/2024 14:22:40,04/07/2024 14:32:03
proj7,team14,prod,EMEA,27/04/2024,1753,Failure,05/07/2024 13:26:20,05/07/2024 14:20:57
proj0,team11,stg,AMER,11/04/2024,904,Failure,06/07/2024 14:07:47,06/07/2024 14:22:39
proj6,team19,stg,AMER,02/01/2024,1510,Success,07/07/2024 13:56:09,07/07/2024 14:15:22
proj67,team20,stg,APAC,14/06/2024,3866,Success,08/07/2024 13:11:35,08/07/2024 13:39:51
proj536,team12,dev,APAC,28/03/2024,1362,Success,09/07/2024 12:57:37,09/07/2024 13:39:22
proj62,team15,dev,AMER,21/02/2024,583,Success,10/07/2024 13:11:45,10/07/2024 14:02:18
proj58,team7,stg,AMER,11/07/2024,1739,Failure,11/07/2024 14:15:39,11/07/2024 14:31:58
proj110,team11,dev,APAC,22/03/2024,1195,Failure,12/07/2024 13:44:42,12/07/2024 14:31:39
proj539,team19,dev,APAC,19/04/2024,3257,Failure,13/07/2024 13:37:38,13/07/2024 14:01:19
proj9,team4,stg,EMEA,01/02/2024,1592,Failure,14/07/2024 13:40:34,14/07/2024 13:59:53
proj035,team1,prod,EMEA,06/06/2024,1148,Failure,15/07/2024 13:57:30,15/07/2024 14:06:44
proj7,team12,prod,AMER,02/06/2024,885,Failure,16/07/2024 13:11:07,16/07/2024 14:01:36
proj876,team13,dev,EMEA,01/07/2024,3942,Failure,17/07/2024 13:27:17,17/07/2024 14:17:02
proj517,team20,dev,EMEA,12/06/2024,2869,Failure,18/07/2024 13:46:14,18/07/2024 14:33:39
proj31,team18,stg,APAC,19/06/2024,2845,Success,19/07/2024 13:44:13,19/07/2024 14:02:55
proj873,team17,prod,APAC,21/02/2024,3786,Success,20/07/2024 13:59:31,20/07/2024 14:23:25
proj835,team10,dev,APAC,01/06/2024,1593,Success,27/06/2024 13:20:15,27/06/2024 13:38:44
proj14,team18,stg,APAC,22/04/2024,986,Success,28/06/2024 13:38:31,28/06/2024 14:29:42
proj53,team12,dev,APAC,06/07/2024,3239,Success,29/06/2024 13:41:00,29/06/2024 14:33:16
proj0,team5,prod,EMEA,15/04/2024,2486,Failure,30/06/2024 14:21:13,30/06/2024 14:22:28
proj5,team12,prod,AMER,20/02/2024,1995,Failure,01/07/2024 13:52:51,01/07/2024 14:17:08
proj683,team10,dev,AMER,22/05/2024,1224,Failure,02/07/2024 13:55:40,02/07/2024 14:17:10
proj0,team15,prod,AMER,26/03/2024,516,Failure,03/07/2024 13:59:11,03/07/2024 14:28:52
proj706,team8,stg,AMER,14/05/2024,3545,Success,04/07/2024 13:10:17,04/07/2024 13:54:11
proj287,team18,prod,APAC,04/06/2024,635,Success,05/07/2024 12:50:20,05/07/2024 13:45:04
proj611,team8,prod,EMEA,11/03/2024,3452,Failure,06/07/2024 13:57:26,06/07/2024 14:24:26
proj2,team3,dev,EMEA,27/01/2024,1630,Success,07/07/2024 13:38:33,07/07/2024 13:59:13
proj5,team6,stg,APAC,22/06/2024,3725,Failure,08/07/2024 13:24:26,08/07/2024 13:42:45
proj70,team12,prod,AMER,14/01/2024,3507,Failure,09/07/2024 13:43:23,09/07/2024 14:29:28
proj907,team5,stg,AMER,03/06/2024,3539,Failure,10/07/2024 13:33:50,10/07/2024 13:36:31
proj192,team16,prod,AMER,30/04/2024,1382,Failure,11/07/2024 14:17:06,11/07/2024 14:27:59
proj698,team20,prod,AMER,29/06/2024,3058,Failure,12/07/2024 14:10:40,12/07/2024 14:21:37
proj2,team15,dev,APAC,08/02/2024,1787,Success,13/07/2024 13:22:52,13/07/2024 13:49:35
